source,original_cell_line_id,original_cell_line_name,sanger_model_id,depmap_id,mapping_status,notes
gdsc_response,SIDM01132,PFSK-1,SIDM01132,,unreviewed,
gdsc_response,SIDM00848,A673,SIDM00848,,unreviewed,
gdsc_response,SIDM00263,ES5,SIDM00263,,unreviewed,
gdsc_response,SIDM00269,ES7,SIDM00269,,unreviewed,
gdsc_response,SIDM00203,EW-11,SIDM00203,,unreviewed,
gdsc_response,SIDM01111,SK-ES-1,SIDM01111,,unreviewed,
gdsc_response,SIDM00909,COLO-829,SIDM00909,,unreviewed,
gdsc_response,SIDM00807,5637,SIDM00807,,unreviewed,
gdsc_response,SIDM01085,RT4,SIDM01085,,unreviewed,
gdsc_response,SIDM01160,SW780,SIDM01160,,unreviewed,
gdsc_response,SIDM01190,TCCSUP,SIDM01190,,unreviewed,
gdsc_response,SIDM00889,C-33-A,SIDM00889,,unreviewed,
gdsc_response,SIDM00905,C-4-I,SIDM00905,,unreviewed,
gdsc_response,SIDM00627,ME-180,SIDM00627,,unreviewed,
gdsc_response,SIDM00982,42-MG-BA,SIDM00982,,unreviewed,
gdsc_response,SIDM00998,8-MG-BA,SIDM00998,,unreviewed,
gdsc_response,SIDM00799,A172,SIDM00799,,unreviewed,
gdsc_response,SIDM00581,GB-1,SIDM00581,,unreviewed,
gdsc_response,SIDM01171,T98G,SIDM01171,,unreviewed,
gdsc_response,SIDM01193,U-118-MG,SIDM01193,,unreviewed,
gdsc_response,SIDM01189,U-87-MG,SIDM01189,,unreviewed,
gdsc_response,SIDM00315,YKG-1,SIDM00315,,unreviewed,
gdsc_response,SIDM00924,ChaGo-K-1,SIDM00924,,unreviewed,
gdsc_response,SIDM01120,NCI-H720,SIDM01120,,unreviewed,
gdsc_response,SIDM00922,Calu-3,SIDM00922,,unreviewed,
gdsc_response,SIDM00512,COR-L23,SIDM00512,,unreviewed,
gdsc_response,SIDM00548,LK-2,SIDM00548,,unreviewed,
gdsc_response,SIDM00734,NCI-H1437,SIDM00734,,unreviewed,
gdsc_response,SIDM00747,NCI-H1623,SIDM00747,,unreviewed,
gdsc_response,SIDM00746,NCI-H1648,SIDM00746,,unreviewed,
gdsc_response,SIDM00745,NCI-H1650,SIDM00745,,unreviewed,
gdsc_response,SIDM00742,NCI-H1693,SIDM00742,,unreviewed,
gdsc_response,SIDM00737,NCI-H1770,SIDM00737,,unreviewed,
gdsc_response,SIDM00769,NCI-H1838,SIDM00769,,unreviewed,
gdsc_response,SIDM00709,NCI-H2085,SIDM00709,,unreviewed,
gdsc_response,SIDM00716,NCI-H2170,SIDM00716,,unreviewed,
gdsc_response,SIDM00729,NCI-H2228,SIDM00729,,unreviewed,
gdsc_response,SIDM00727,NCI-H2342,SIDM00727,,unreviewed,
gdsc_response,SIDM00726,NCI-H2347,SIDM00726,,unreviewed,
gdsc_response,SIDM00724,NCI-H2405,SIDM00724,,unreviewed,
gdsc_response,SIDM01122,NCI-H661,SIDM01122,,unreviewed,
gdsc_response,SIDM00509,COR-L311,SIDM00509,,unreviewed,
gdsc_response,SIDM00865,DMS-114,SIDM00865,,unreviewed,
gdsc_response,SIDM00522,DMS-273,SIDM00522,,unreviewed,
gdsc_response,SIDM00654,NCI-H1048,SIDM00654,,unreviewed,
gdsc_response,SIDM00653,NCI-H1092,SIDM00653,,unreviewed,
gdsc_response,SIDM00741,NCI-H1694,SIDM00741,,unreviewed,
gdsc_response,SIDM00760,NCI-H1963,SIDM00760,,unreviewed,
gdsc_response,SIDM00735,NCI-H2029,SIDM00735,,unreviewed,
gdsc_response,SIDM00706,NCI-H209,SIDM00706,,unreviewed,
gdsc_response,SIDM00699,NCI-H2141,SIDM00699,,unreviewed,
gdsc_response,SIDM00733,NCI-H2171,SIDM00733,,unreviewed,
gdsc_response,SIDM00730,NCI-H2227,SIDM00730,,unreviewed,
gdsc_response,SIDM00719,NCI-H345,SIDM00719,,unreviewed,
gdsc_response,SIDM00965,NCI-H446,SIDM00965,,unreviewed,
gdsc_response,SIDM01128,NCI-H526,SIDM01128,,unreviewed,
gdsc_response,SIDM01126,NCI-H64,SIDM01126,,unreviewed,
gdsc_response,SIDM01121,NCI-H69,SIDM01121,,unreviewed,
gdsc_response,SIDM01131,NCI-H82,SIDM01131,,unreviewed,
gdsc_response,SIDM00713,NCI-H2052,SIDM00713,,unreviewed,
gdsc_response,SIDM01100,SK-N-DZ,SIDM01100,,unreviewed,
gdsc_response,SIDM01099,SK-N-FI,SIDM01099,,unreviewed,
gdsc_response,SIDM01179,VA-ES-BJ,SIDM01179,,unreviewed,
gdsc_response,SIDM00320,VMRC-LCD,SIDM00320,,unreviewed,
gdsc_response,SIDM00293,LU-139,SIDM00293,,unreviewed,
gdsc_response,SIDM00368,SBC-5,SIDM00368,,unreviewed,
gdsc_response,SIDM00365,SBC-1,SIDM00365,,unreviewed,
gdsc_response,SIDM00294,LU-135,SIDM00294,,unreviewed,
gdsc_response,SIDM01098,SK-N-SH,SIDM01098,,unreviewed,
gdsc_response,SIDM00715,NCI-H2030,SIDM00715,,unreviewed,
gdsc_response,SIDM00702,NCI-H2122,SIDM00702,,unreviewed,
gdsc_response,SIDM00739,NCI-H1734,SIDM00739,,unreviewed,
gdsc_response,SIDM01124,NCI-H650,SIDM01124,,unreviewed,
gdsc_response,SIDM01184,T24,SIDM01184,,unreviewed,
gdsc_response,SIDM01148,NCI-H929,SIDM01148,,unreviewed,
gdsc_response,SIDM01101,SK-N-AS,SIDM01101,,unreviewed,
gdsc_response,SIDM00649,NCI-H1299,SIDM00649,,unreviewed,
gdsc_response,SIDM00708,NCI-H2087,SIDM00708,,unreviewed,
gdsc_response,SIDM01182,UM-UC-3,SIDM01182,,unreviewed,
gdsc_response,SIDM01174,SW756,SIDM01174,,unreviewed,
gdsc_response,SIDM01119,NCI-H727,SIDM01119,,unreviewed,
gdsc_response,SIDM00921,Calu-6,SIDM00921,,unreviewed,
gdsc_response,SIDM00547,LU-65,SIDM00547,,unreviewed,
gdsc_response,SIDM00645,NCI-H1355,SIDM00645,,unreviewed,
gdsc_response,SIDM00771,NCI-H1792,SIDM00771,,unreviewed,
gdsc_response,SIDM00669,HPAF-II,SIDM00669,,unreviewed,
gdsc_response,SIDM00505,MIA-PaCa-2,SIDM00505,,unreviewed,
gdsc_response,SIDM01078,SHP-77,SIDM01078,,unreviewed,
gdsc_response,SIDM00756,NCI-H2009,SIDM00756,,unreviewed,
gdsc_response,SIDM00728,NCI-H2291,SIDM00728,,unreviewed,
gdsc_response,SIDM01163,SW1573,SIDM01163,,unreviewed,
gdsc_response,SIDM00347,TE-5,SIDM00347,,unreviewed,
gdsc_response,SIDM00872,HCC1954,SIDM00872,,unreviewed,
gdsc_response,SIDM00866,HCC1143,SIDM00866,,unreviewed,
gdsc_response,SIDM00885,HCC1187,SIDM00885,,unreviewed,
gdsc_response,SIDM00884,HCC1395,SIDM00884,,unreviewed,
gdsc_response,SIDM00877,HCC1599,SIDM00877,,unreviewed,
gdsc_response,SIDM00874,HCC1937,SIDM00874,,unreviewed,
gdsc_response,SIDM00774,HCC2157,SIDM00774,,unreviewed,
gdsc_response,SIDM00772,HCC2218,SIDM00772,,unreviewed,
gdsc_response,SIDM00675,HCC38,SIDM00675,,unreviewed,
gdsc_response,SIDM00172,BB30-HNC,SIDM00172,,unreviewed,
gdsc_response,SIDM00174,BB49-HNC,SIDM00174,,unreviewed,
gdsc_response,SIDM00191,BB65-RCC,SIDM00191,,unreviewed,
gdsc_response,SIDM00990,BEN,SIDM00990,,unreviewed,
gdsc_response,SIDM00986,BHY,SIDM00986,,unreviewed,
gdsc_response,SIDM00489,Ca9-22,SIDM00489,,unreviewed,
gdsc_response,SIDM00961,CADO-ES1,SIDM00961,,unreviewed,
gdsc_response,SIDM00939,CAL-12T,SIDM00939,,unreviewed,
gdsc_response,SIDM00942,CAL-33,SIDM00942,,unreviewed,
gdsc_response,SIDM00175,CP50-MEL-B,SIDM00175,,unreviewed,
gdsc_response,SIDM00190,CP66-MEL,SIDM00190,,unreviewed,
gdsc_response,SIDM00953,CPC-N,SIDM00953,,unreviewed,
gdsc_response,SIDM00951,CTV-1,SIDM00951,,unreviewed,
gdsc_response,SIDM00207,D-542MG,SIDM00207,,unreviewed,
gdsc_response,SIDM00524,DMS-79,SIDM00524,,unreviewed,
gdsc_response,SIDM00970,DSH1,SIDM00970,,unreviewed,
gdsc_response,SIDM00486,EBC-1,SIDM00486,,unreviewed,
gdsc_response,SIDM00278,EC-GI-10,SIDM00278,,unreviewed,
gdsc_response,SIDM01044,EPLC-272H,SIDM01044,,unreviewed,
gdsc_response,SIDM00188,HA7-RCC,SIDM00188,,unreviewed,
gdsc_response,SIDM00052,HCE-4,SIDM00052,,unreviewed,
gdsc_response,SIDM00591,HO-1-u-1,SIDM00591,,unreviewed,
gdsc_response,SIDM00590,HSC-2,SIDM00590,,unreviewed,
gdsc_response,SIDM00632,IM-9,SIDM00632,,unreviewed,
gdsc_response,SIDM00223,IST-SL1,SIDM00223,,unreviewed,
gdsc_response,SIDM00230,IST-SL2,SIDM00230,,unreviewed,
gdsc_response,SIDM00693,J82,SIDM00693,,unreviewed,
gdsc_response,SIDM00606,KNS-62,SIDM00606,,unreviewed,
gdsc_response,SIDM00603,KOSC-2,SIDM00603,,unreviewed,
gdsc_response,SIDM00301,KP-4,SIDM00301,,unreviewed,
gdsc_response,SIDM01032,KYSE-140,SIDM01032,,unreviewed,
gdsc_response,SIDM01028,KYSE-410,SIDM01028,,unreviewed,
gdsc_response,SIDM01025,KYSE-520,SIDM01025,,unreviewed,
gdsc_response,SIDM01024,KYSE-70,SIDM01024,,unreviewed,
gdsc_response,SIDM00187,LB1047-RCC,SIDM00187,,unreviewed,
gdsc_response,SIDM00186,LB2241-RCC,SIDM00186,,unreviewed,
gdsc_response,SIDM00185,LB2518-MEL,SIDM00185,,unreviewed,
gdsc_response,SIDM00184,LB373-MEL-D,SIDM00184,,unreviewed,
gdsc_response,SIDM00183,LB647-SCLC,SIDM00183,,unreviewed,
gdsc_response,SIDM00182,LB771-HNC,SIDM00182,,unreviewed,
gdsc_response,SIDM00181,LB831-BLC,SIDM00181,,unreviewed,
gdsc_response,SIDM00180,LB996-RCC,SIDM00180,,unreviewed,
gdsc_response,SIDM00345,LCLC-103H,SIDM00345,,unreviewed,
gdsc_response,SIDM00296,LU-134-A,SIDM00296,,unreviewed,
gdsc_response,SIDM00292,LU-165,SIDM00292,,unreviewed,
gdsc_response,SIDM00339,LXF-289,SIDM00339,,unreviewed,
gdsc_response,SIDM00245,MS-1,SIDM00245,,unreviewed,
gdsc_response,SIDM00053,MZ1-PC,SIDM00053,,unreviewed,
gdsc_response,SIDM00516,MZ7-mel,SIDM00516,,unreviewed,
gdsc_response,SIDM00751,NCI-H1563,SIDM00751,,unreviewed,
gdsc_response,SIDM00493,NCI-H292,SIDM00493,,unreviewed,
gdsc_response,SIDM00927,NCI-H510A,SIDM00927,,unreviewed,
gdsc_response,SIDM01133,NCI-H835,SIDM01133,,unreviewed,
gdsc_response,SIDM00237,PC-14,SIDM00237,,unreviewed,
gdsc_response,SIDM00367,SBC-3,SIDM00367,,unreviewed,
gdsc_response,SIDM00391,SK-MM-2,SIDM00391,,unreviewed,
gdsc_response,SIDM00249,TE-15,SIDM00249,,unreviewed,
gdsc_response,SIDM00417,U-266,SIDM00417,,unreviewed,
gdsc_response,SIDM01229,BE2-M17,SIDM01229,,unreviewed,
gdsc_response,SIDM01009,KELLY,SIDM01009,,unreviewed,
gdsc_response,SIDM00395,SIMA,SIDM00395,,unreviewed,
gdsc_response,SIDM00369,TE-1,SIDM00369,,unreviewed,
gdsc_response,SIDM00349,TE-10,SIDM00349,,unreviewed,
gdsc_response,SIDM00326,TE-8,SIDM00326,,unreviewed,
gdsc_response,SIDM00934,CAPAN-1,SIDM00934,,unreviewed,
gdsc_response,SIDM00105,OVCAR-3,SIDM00105,,unreviewed,
gdsc_response,SIDM00088,PC-3,SIDM00088,,unreviewed,
gdsc_response,SIDM00120,DU-145,SIDM00120,,unreviewed,
gdsc_response,SIDM00783,HCT-116,SIDM00783,,unreviewed,
gdsc_response,SIDM00789,HCT-15,SIDM00789,,unreviewed,
gdsc_response,SIDM00829,HL-60,SIDM00829,,unreviewed,
gdsc_response,SIDM00136,HT-29,SIDM00136,,unreviewed,
gdsc_response,SIDM00791,K-562,SIDM00791,,unreviewed,
gdsc_response,SIDM00139,NCI-H226,SIDM00139,,unreviewed,
gdsc_response,SIDM00138,NCI-H23,SIDM00138,,unreviewed,
gdsc_response,SIDM00144,NCI-H460,SIDM00144,,unreviewed,
gdsc_response,SIDM00116,NCI-H522,SIDM00116,,unreviewed,
gdsc_response,SIDM00097,T47D,SIDM00097,,unreviewed,
gdsc_response,SIDM00148,MCF7,SIDM00148,,unreviewed,
gdsc_response,SIDM00125,786-0,SIDM00125,,unreviewed,
gdsc_response,SIDM00124,A498,SIDM00124,,unreviewed,
gdsc_response,SIDM00903,A549,SIDM00903,,unreviewed,
gdsc_response,SIDM00123,ACHN,SIDM00123,,unreviewed,
gdsc_response,SIDM00122,BT-549,SIDM00122,,unreviewed,
gdsc_response,SIDM00121,CCRF-CEM,SIDM00121,,unreviewed,
gdsc_response,SIDM00081,SK-MEL-28,SIDM00081,,unreviewed,
gdsc_response,SIDM00082,SK-MEL-2,SIDM00082,,unreviewed,
gdsc_response,SIDM00080,SK-MEL-5,SIDM00080,,unreviewed,
gdsc_response,SIDM00135,Hs-578-T,SIDM00135,,unreviewed,
gdsc_response,SIDM00145,MOLT-4,SIDM00145,,unreviewed,
gdsc_response,SIDM00079,SK-OV-3,SIDM00079,,unreviewed,
gdsc_response,SIDM00146,MDA-MB-231,SIDM00146,,unreviewed,
gdsc_response,SIDM00826,COLO-205,SIDM00826,,unreviewed,
gdsc_response,SIDM00841,SW620,SIDM00841,,unreviewed,
gdsc_response,SIDM00941,CAKI-1,SIDM00941,,unreviewed,
gdsc_response,SIDM00087,RPMI-8226,SIDM00087,,unreviewed,
gdsc_response,SIDM00096,SR,SIDM00096,,unreviewed,
gdsc_response,SIDM00117,NCI-H322M,SIDM00117,,unreviewed,
gdsc_response,SIDM00151,IGROV-1,SIDM00151,,unreviewed,
gdsc_response,SIDM00091,OVCAR-5,SIDM00091,,unreviewed,
gdsc_response,SIDM00119,EKVX,SIDM00119,,unreviewed,
gdsc_response,SIDM00118,HCC2998,SIDM00118,,unreviewed,
gdsc_response,SIDM00133,HOP-62,SIDM00133,,unreviewed,
gdsc_response,SIDM00134,HOP-92,SIDM00134,,unreviewed,
gdsc_response,SIDM00149,LOXIMVI,SIDM00149,,unreviewed,
gdsc_response,SIDM00003,M14,SIDM00003,,unreviewed,
gdsc_response,SIDM00107,UACC-62,SIDM00107,,unreviewed,
gdsc_response,SIDM00108,UACC-257,SIDM00108,,unreviewed,
gdsc_response,SIDM00086,RXF393,SIDM00086,,unreviewed,
gdsc_response,SIDM00094,SN12C,SIDM00094,,unreviewed,
gdsc_response,SIDM00113,TK10,SIDM00113,,unreviewed,
gdsc_response,SIDM00112,U031,SIDM00112,,unreviewed,
gdsc_response,SIDM00095,SNB75,SIDM00095,,unreviewed,
gdsc_response,SIDM00111,U251,SIDM00111,,unreviewed,
gdsc_response,SIDM00083,SF539,SIDM00083,,unreviewed,
gdsc_response,SIDM00084,SF295,SIDM00084,,unreviewed,
gdsc_response,SIDM00085,SF268,SIDM00085,,unreviewed,
gdsc_response,SIDM00150,KM12,SIDM00150,,unreviewed,
gdsc_response,SIDM00092,OVCAR-4,SIDM00092,,unreviewed,
gdsc_response,SIDM00090,OVCAR-8,SIDM00090,,unreviewed,
gdsc_response,SIDM00132,BxPC-3,SIDM00132,,unreviewed,
gdsc_response,SIDM00984,BONNA-12,SIDM00984,,unreviewed,
gdsc_response,SIDM00987,BHT-101,SIDM00987,,unreviewed,
gdsc_response,SIDM00490,Becker,SIDM00490,,unreviewed,
gdsc_response,SIDM01245,BE-13,SIDM01245,,unreviewed,
gdsc_response,SIDM00900,ARH-77,SIDM00900,,unreviewed,
gdsc_response,SIDM00850,AGS,SIDM00850,,unreviewed,
gdsc_response,SIDM00494,ABC-1,SIDM00494,,unreviewed,
gdsc_response,SIDM00797,A2058,SIDM00797,,unreviewed,
gdsc_response,SIDM00795,A375,SIDM00795,,unreviewed,
gdsc_response,SIDM00796,A253,SIDM00796,,unreviewed,
gdsc_response,SIDM00997,8305C,SIDM00997,,unreviewed,
gdsc_response,SIDM00983,647-V,SIDM00983,,unreviewed,
gdsc_response,SIDM00999,639-V,SIDM00999,,unreviewed,
gdsc_response,SIDM01076,697,SIDM01076,,unreviewed,
gdsc_response,SIDM00893,BT-20,SIDM00893,,unreviewed,
gdsc_response,SIDM00210,A2780,SIDM00210,,unreviewed,
gdsc_response,SIDM00513,COR-L105,SIDM00513,,unreviewed,
gdsc_response,SIDM00952,CRO-AP2,SIDM00952,,unreviewed,
gdsc_response,SIDM00506,COR-L88,SIDM00506,,unreviewed,
gdsc_response,SIDM00954,COLO-824,SIDM00954,,unreviewed,
gdsc_response,SIDM00515,COLO-800,SIDM00515,,unreviewed,
gdsc_response,SIDM00140,COLO-792,SIDM00140,,unreviewed,
gdsc_response,SIDM00956,COLO-680N,SIDM00956,,unreviewed,
gdsc_response,SIDM00284,COLO-679,SIDM00284,,unreviewed,
gdsc_response,SIDM00910,CHP-212,SIDM00910,,unreviewed,
gdsc_response,SIDM00130,CFPAC-1,SIDM00130,,unreviewed,
gdsc_response,SIDM00923,Ca-Ski,SIDM00923,,unreviewed,
gdsc_response,SIDM00919,Caov-3,SIDM00919,,unreviewed,
gdsc_response,SIDM00940,CAL-120,SIDM00940,,unreviewed,
gdsc_response,SIDM00930,CAL-72,SIDM00930,,unreviewed,
gdsc_response,SIDM00931,CAL-62,SIDM00931,,unreviewed,
gdsc_response,SIDM00890,C32,SIDM00890,,unreviewed,
gdsc_response,SIDM00845,Daudi,SIDM00845,,unreviewed,
gdsc_response,SIDM00886,DB,SIDM00886,,unreviewed,
gdsc_response,SIDM00887,Daoy,SIDM00887,,unreviewed,
gdsc_response,SIDM00888,D-283MED,SIDM00888,,unreviewed,
gdsc_response,SIDM00867,DBTRG-05MG,SIDM00867,,unreviewed,
gdsc_response,SIDM00949,DEL,SIDM00949,,unreviewed,
gdsc_response,SIDM00831,Detroit562,SIDM00831,,unreviewed,
gdsc_response,SIDM00948,DG-75,SIDM00948,,unreviewed,
gdsc_response,SIDM00947,DK-MG,SIDM00947,,unreviewed,
gdsc_response,SIDM00281,DJM-1,SIDM00281,,unreviewed,
gdsc_response,SIDM00981,DOHH-2,SIDM00981,,unreviewed,
gdsc_response,SIDM00864,DoTc2-4510,SIDM00864,,unreviewed,
gdsc_response,SIDM01001,DU-4475,SIDM01001,,unreviewed,
gdsc_response,SIDM00863,EB2,SIDM00863,,unreviewed,
gdsc_response,SIDM00793,EB-3,SIDM00793,,unreviewed,
gdsc_response,SIDM00280,ECC10,SIDM00280,,unreviewed,
gdsc_response,SIDM00279,ECC12,SIDM00279,,unreviewed,
gdsc_response,SIDM01056,EFM-19,SIDM01056,,unreviewed,
gdsc_response,SIDM01051,EFO-27,SIDM01051,,unreviewed,
gdsc_response,SIDM01047,EM-2,SIDM01047,,unreviewed,
gdsc_response,SIDM00277,EoL-1-cell,SIDM00277,,unreviewed,
gdsc_response,SIDM00276,ETK-1,SIDM00276,,unreviewed,
gdsc_response,SIDM01042,EVSA-T,SIDM01042,,unreviewed,
gdsc_response,SIDM00860,FADU,SIDM00860,,unreviewed,
gdsc_response,SIDM00213,FTC-133,SIDM00213,,unreviewed,
gdsc_response,SIDM00857,G-361,SIDM00857,,unreviewed,
gdsc_response,SIDM01055,GAMG,SIDM01055,,unreviewed,
gdsc_response,SIDM00274,GCIY,SIDM00274,,unreviewed,
gdsc_response,SIDM01057,GDM-1,SIDM01057,,unreviewed,
gdsc_response,SIDM00273,GI-1,SIDM00273,,unreviewed,
gdsc_response,SIDM00227,GI-ME-N,SIDM00227,,unreviewed,
gdsc_response,SIDM00544,GOTO,SIDM00544,,unreviewed,
gdsc_response,SIDM01259,GR-ST,SIDM01259,,unreviewed,
gdsc_response,SIDM00853,GCT,SIDM00853,,unreviewed,
gdsc_response,SIDM01043,ESS-1,SIDM01043,,unreviewed,
gdsc_response,SIDM00852,H4,SIDM00852,,unreviewed,
gdsc_response,SIDM01251,H9,SIDM01251,,unreviewed,
gdsc_response,SIDM01073,HC-1,SIDM01073,,unreviewed,
gdsc_response,SIDM00882,HCC1419,SIDM00882,,unreviewed,
gdsc_response,SIDM00878,HCC1569,SIDM00878,,unreviewed,
gdsc_response,SIDM00875,HCC1806,SIDM00875,,unreviewed,
gdsc_response,SIDM00673,HCC70,SIDM00673,,unreviewed,
gdsc_response,SIDM00596,HEC-1,SIDM00596,,unreviewed,
gdsc_response,SIDM00594,HEL,SIDM00594,,unreviewed,
gdsc_response,SIDM00290,HGC-27,SIDM00290,,unreviewed,
gdsc_response,SIDM00671,HH,SIDM00671,,unreviewed,
gdsc_response,SIDM00064,HLE,SIDM00064,,unreviewed,
gdsc_response,SIDM00291,HMV-II,SIDM00291,,unreviewed,
gdsc_response,SIDM00806,HOS,SIDM00806,,unreviewed,
gdsc_response,SIDM00589,HSC-3,SIDM00589,,unreviewed,
gdsc_response,SIDM00588,HSC-4,SIDM00588,,unreviewed,
gdsc_response,SIDM00661,HT,SIDM00661,,unreviewed,
gdsc_response,SIDM00828,HT-1080,SIDM00828,,unreviewed,
gdsc_response,SIDM00676,HT-1197,SIDM00676,,unreviewed,
gdsc_response,SIDM00678,HT-1376,SIDM00678,,unreviewed,
gdsc_response,SIDM00695,HT-144,SIDM00695,,unreviewed,
gdsc_response,SIDM00679,HT-3,SIDM00679,,unreviewed,
gdsc_response,SIDM00587,HuCCT1,SIDM00587,,unreviewed,
gdsc_response,SIDM00585,HuH-7,SIDM00585,,unreviewed,
gdsc_response,SIDM00599,HuO9,SIDM00599,,unreviewed,
gdsc_response,SIDM00694,HuTu-80,SIDM00694,,unreviewed,
gdsc_response,SIDM01060,IGR-1,SIDM01060,,unreviewed,
gdsc_response,SIDM01206,IMR-5,SIDM01206,,unreviewed,
gdsc_response,SIDM01059,IPC-298,SIDM01059,,unreviewed,
gdsc_response,SIDM00225,IST-MEL1,SIDM00225,,unreviewed,
gdsc_response,SIDM00224,IST-MES1,SIDM00224,,unreviewed,
gdsc_response,SIDM01039,JAR,SIDM01039,,unreviewed,
gdsc_response,SIDM01218,JEG-3,SIDM01218,,unreviewed,
gdsc_response,SIDM00808,JiyoyeP-2003,SIDM00808,,unreviewed,
gdsc_response,SIDM01013,JVM-2,SIDM01013,,unreviewed,
gdsc_response,SIDM01012,JVM-3,SIDM01012,,unreviewed,
gdsc_response,SIDM00613,KALS-1,SIDM00613,,unreviewed,
gdsc_response,SIDM01007,KARPAS-45,SIDM01007,,unreviewed,
gdsc_response,SIDM01010,KARPAS-299,SIDM01010,,unreviewed,
gdsc_response,SIDM01008,KARPAS-422,SIDM01008,,unreviewed,
gdsc_response,SIDM01005,KASUMI-1,SIDM01005,,unreviewed,
gdsc_response,SIDM00687,KATOIII,SIDM00687,,unreviewed,
gdsc_response,SIDM01003,KE-37,SIDM01003,,unreviewed,
gdsc_response,SIDM00785,KG-1,SIDM00785,,unreviewed,
gdsc_response,SIDM00612,KINGS-1,SIDM00612,,unreviewed,
gdsc_response,SIDM01019,KMOE-2,SIDM01019,,unreviewed,
gdsc_response,SIDM01020,KMS-12-BM,SIDM01020,,unreviewed,
gdsc_response,SIDM00607,KNS-42,SIDM00607,,unreviewed,
gdsc_response,SIDM00533,HuP-T3,SIDM00533,,unreviewed,
gdsc_response,SIDM00531,HuP-T4,SIDM00531,,unreviewed,
gdsc_response,SIDM00541,HT55,SIDM00541,,unreviewed,
gdsc_response,SIDM00534,HT-115,SIDM00534,,unreviewed,
gdsc_response,SIDM00535,H-EMC-SS,SIDM00535,,unreviewed,
gdsc_response,SIDM00537,GP5d,SIDM00537,,unreviewed,
gdsc_response,SIDM00523,DMS-53,SIDM00523,,unreviewed,
gdsc_response,SIDM00855,G-402,SIDM00855,,unreviewed,
gdsc_response,SIDM00856,G-401,SIDM00856,,unreviewed,
gdsc_response,SIDM00553,KY821,SIDM00553,,unreviewed,
gdsc_response,SIDM00308,KU812,SIDM00308,,unreviewed,
gdsc_response,SIDM01033,KU-19-19,SIDM01033,,unreviewed,
gdsc_response,SIDM00555,KS-1,SIDM00555,,unreviewed,
gdsc_response,SIDM00556,KP-N-YN,SIDM00556,,unreviewed,
gdsc_response,SIDM01031,KYSE-150,SIDM01031,,unreviewed,
gdsc_response,SIDM01030,KYSE-180,SIDM01030,,unreviewed,
gdsc_response,SIDM01029,KYSE-270,SIDM01029,,unreviewed,
gdsc_response,SIDM01027,KYSE-450,SIDM01027,,unreviewed,
gdsc_response,SIDM01026,KYSE-510,SIDM01026,,unreviewed,
gdsc_response,SIDM00327,L-428,SIDM00327,,unreviewed,
gdsc_response,SIDM00329,L-540,SIDM00329,,unreviewed,
gdsc_response,SIDM00346,LAMA-84,SIDM00346,,unreviewed,
gdsc_response,SIDM00297,LC-2-ad,SIDM00297,,unreviewed,
gdsc_response,SIDM00549,LC4-1,SIDM00549,,unreviewed,
gdsc_response,SIDM00683,LNCaP-Clone-FGC,SIDM00683,,unreviewed,
gdsc_response,SIDM00342,LOUCY,SIDM00342,,unreviewed,
gdsc_response,SIDM00839,LoVo,SIDM00839,,unreviewed,
gdsc_response,SIDM00340,LP-1,SIDM00340,,unreviewed,
gdsc_response,SIDM00776,LS-123,SIDM00776,,unreviewed,
gdsc_response,SIDM00660,LS-411N,SIDM00660,,unreviewed,
gdsc_response,SIDM00677,LS-513,SIDM00677,,unreviewed,
gdsc_response,SIDM01219,LU-99A,SIDM01219,,unreviewed,
gdsc_response,SIDM00637,MC116,SIDM00637,,unreviewed,
gdsc_response,SIDM01246,MC-IXC,SIDM01246,,unreviewed,
gdsc_response,SIDM00633,MDA-MB-175-VII,SIDM00633,,unreviewed,
gdsc_response,SIDM00528,MDA-MB-361,SIDM00528,,unreviewed,
gdsc_response,SIDM00272,MDA-MB-453,SIDM00272,,unreviewed,
gdsc_response,SIDM00628,MDA-MB-468,SIDM00628,,unreviewed,
gdsc_response,SIDM00337,MEL-HO,SIDM00337,,unreviewed,
gdsc_response,SIDM00336,MEL-JUSO,SIDM00336,,unreviewed,
gdsc_response,SIDM00526,MEG-01,SIDM00526,,unreviewed,
gdsc_response,SIDM00625,MES-SA,SIDM00625,,unreviewed,
gdsc_response,SIDM00545,Mewo,SIDM00545,,unreviewed,
gdsc_response,SIDM00335,MFE-280,SIDM00335,,unreviewed,
gdsc_response,SIDM00334,MFE-296,SIDM00334,,unreviewed,
gdsc_response,SIDM00525,MG-63,SIDM00525,,unreviewed,
gdsc_response,SIDM00331,MHH-CALL-2,SIDM00331,,unreviewed,
gdsc_response,SIDM00376,MHH-CALL-4,SIDM00376,,unreviewed,
gdsc_response,SIDM00386,MHH-ES-1,SIDM00386,,unreviewed,
gdsc_response,SIDM00387,MHH-NB-11,SIDM00387,,unreviewed,
gdsc_response,SIDM00388,MHH-PREB-1,SIDM00388,,unreviewed,
gdsc_response,SIDM00271,MKN1,SIDM00271,,unreviewed,
gdsc_response,SIDM00260,MKN28,SIDM00260,,unreviewed,
gdsc_response,SIDM00441,ML-2,SIDM00441,,unreviewed,
gdsc_response,SIDM00561,MLMA,SIDM00561,,unreviewed,
gdsc_response,SIDM00438,MN-60,SIDM00438,,unreviewed,
gdsc_response,SIDM00532,MOG-G-CCM,SIDM00532,,unreviewed,
gdsc_response,SIDM00504,MOG-G-UVW,SIDM00504,,unreviewed,
gdsc_response,SIDM00433,MOLT-13,SIDM00433,,unreviewed,
gdsc_response,SIDM00431,MOLT-16,SIDM00431,,unreviewed,
gdsc_response,SIDM01023,MONO-MAC-6,SIDM01023,,unreviewed,
gdsc_response,SIDM00623,Mo-T,SIDM00623,,unreviewed,
gdsc_response,SIDM00222,MPP-89,SIDM00222,,unreviewed,
gdsc_response,SIDM00562,MRK-nu-1,SIDM00562,,unreviewed,
gdsc_response,SIDM00640,MSTO-211H,SIDM00640,,unreviewed,
gdsc_response,SIDM00657,MV-4-11,SIDM00657,,unreviewed,
gdsc_response,SIDM00429,NALM-6,SIDM00429,,unreviewed,
gdsc_response,SIDM00641,NAMALWA,SIDM00641,,unreviewed,
gdsc_response,SIDM00244,NB69,SIDM00244,,unreviewed,
gdsc_response,SIDM00655,NCCIT,SIDM00655,,unreviewed,
gdsc_response,SIDM00777,NCI-H508,SIDM00777,,unreviewed,
gdsc_response,SIDM01130,NCI-H520,SIDM01130,,unreviewed,
gdsc_response,SIDM01146,SNU-1,SIDM01146,,unreviewed,
gdsc_response,SIDM01144,SNU-5,SIDM01144,,unreviewed,
gdsc_response,SIDM01145,SNU-16,SIDM01145,,unreviewed,
gdsc_response,SIDM00577,NH-12,SIDM00577,,unreviewed,
gdsc_response,SIDM00576,NKM-1,SIDM00576,,unreviewed,
gdsc_response,SIDM00575,NMC-G1,SIDM00575,,unreviewed,
gdsc_response,SIDM00573,no-11,SIDM00573,,unreviewed,
gdsc_response,SIDM00580,NOMO-1,SIDM00580,,unreviewed,
gdsc_response,SIDM00574,no-10,SIDM00574,,unreviewed,
gdsc_response,SIDM01203,NTERA-2-cl-D1,SIDM01203,,unreviewed,
gdsc_response,SIDM00572,NUGC-3,SIDM00572,,unreviewed,
gdsc_response,SIDM00778,NCI-H747,SIDM00778,,unreviewed,
gdsc_response,SIDM00779,NCI-H716,SIDM00779,,unreviewed,
gdsc_response,SIDM01127,NCI-H596,SIDM01127,,unreviewed,
gdsc_response,SIDM00925,NCI-H441,SIDM00925,,unreviewed,
gdsc_response,SIDM01147,NCI-N87,SIDM01147,,unreviewed,
gdsc_response,SIDM00722,NCI-H2452,SIDM00722,,unreviewed,
gdsc_response,SIDM00755,NCI-H1793,SIDM00755,,unreviewed,
gdsc_response,SIDM00718,NCI-H358,SIDM00718,,unreviewed,
gdsc_response,SIDM00651,NCI-H1155,SIDM00651,,unreviewed,
gdsc_response,SIDM00652,NCI-H1105,SIDM00652,,unreviewed,
gdsc_response,SIDM00697,NCI-H1436,SIDM00697,,unreviewed,
gdsc_response,SIDM00720,NCI-H28,SIDM00720,,unreviewed,
gdsc_response,SIDM00748,NCI-H1581,SIDM00748,,unreviewed,
gdsc_response,SIDM00749,NCI-H1573,SIDM00749,,unreviewed,
gdsc_response,SIDM00743,NCI-H1666,SIDM00743,,unreviewed,
gdsc_response,SIDM00740,NCI-H1703,SIDM00740,,unreviewed,
gdsc_response,SIDM00738,NCI-H1755,SIDM00738,,unreviewed,
gdsc_response,SIDM00758,NCI-H1993,SIDM00758,,unreviewed,
gdsc_response,SIDM00710,NCI-H2081,SIDM00710,,unreviewed,
gdsc_response,SIDM00731,NCI-H2196,SIDM00731,,unreviewed,
gdsc_response,SIDM01129,NCI-H524,SIDM01129,,unreviewed,
gdsc_response,SIDM01117,NCI-H748,SIDM01117,,unreviewed,
gdsc_response,SIDM00567,ONS-76,SIDM00567,,unreviewed,
gdsc_response,SIDM00457,OPM-2,SIDM00457,,unreviewed,
gdsc_response,SIDM00239,OS-RC-2,SIDM00239,,unreviewed,
gdsc_response,SIDM00463,P12-ICHIKAWA,SIDM00463,,unreviewed,
gdsc_response,SIDM00364,P30-OHK,SIDM00364,,unreviewed,
gdsc_response,SIDM00363,P31-FUJ,SIDM00363,,unreviewed,
gdsc_response,SIDM01140,PA-1,SIDM01140,,unreviewed,
gdsc_response,SIDM00241,OCUB-M,SIDM00241,,unreviewed,
gdsc_response,SIDM00220,OC-314,SIDM00220,,unreviewed,
gdsc_response,SIDM00451,PF-382,SIDM00451,,unreviewed,
gdsc_response,SIDM00844,Raji,SIDM00844,,unreviewed,
gdsc_response,SIDM00359,RCM-1,SIDM00359,,unreviewed,
gdsc_response,SIDM00847,RD,SIDM00847,,unreviewed,
gdsc_response,SIDM00447,REH,SIDM00447,,unreviewed,
gdsc_response,SIDM01092,RF-48,SIDM01092,,unreviewed,
gdsc_response,SIDM01090,RKO,SIDM01090,,unreviewed,
gdsc_response,SIDM00352,RMG-I,SIDM00352,,unreviewed,
gdsc_response,SIDM00813,RPMI-6666,SIDM00813,,unreviewed,
gdsc_response,SIDM00403,RPMI-8402,SIDM00403,,unreviewed,
gdsc_response,SIDM01086,RS4-11,SIDM01086,,unreviewed,
gdsc_response,SIDM00402,RT-112,SIDM00402,,unreviewed,
gdsc_response,SIDM00401,RVH-421,SIDM00401,,unreviewed,
gdsc_response,SIDM01084,Saos-2,SIDM01084,,unreviewed,
gdsc_response,SIDM00351,SAS,SIDM00351,,unreviewed,
gdsc_response,SIDM01080,SCC-9,SIDM01080,,unreviewed,
gdsc_response,SIDM00383,SCH,SIDM00383,,unreviewed,
gdsc_response,SIDM00382,SF126,SIDM00382,,unreviewed,
gdsc_response,SIDM01079,SH-4,SIDM01079,,unreviewed,
gdsc_response,SIDM00396,SIG-M5,SIDM00396,,unreviewed,
gdsc_response,SIDM01095,SJRH30,SIDM01095,,unreviewed,
gdsc_response,SIDM01112,SJSA-1,SIDM01112,,unreviewed,
gdsc_response,SIDM01096,SK-CO-1,SIDM01096,,unreviewed,
gdsc_response,SIDM01110,SK-HEP-1,SIDM01110,,unreviewed,
gdsc_response,SIDM01109,SK-LMS-1,SIDM01109,,unreviewed,
gdsc_response,SIDM01108,SK-LU-1,SIDM01108,,unreviewed,
gdsc_response,SIDM00380,SKM-1,SIDM00380,,unreviewed,
gdsc_response,SIDM01107,SK-MEL-1,SIDM01107,,unreviewed,
gdsc_response,SIDM01105,SK-MEL-3,SIDM01105,,unreviewed,
gdsc_response,SIDM01106,SK-MEL-24,SIDM01106,,unreviewed,
gdsc_response,SIDM00392,SK-MEL-30,SIDM00392,,unreviewed,
gdsc_response,SIDM01104,SK-MEL-31,SIDM01104,,unreviewed,
gdsc_response,SIDM01103,SK-MES-1,SIDM01103,,unreviewed,
gdsc_response,SIDM00379,SK-MG-1,SIDM00379,,unreviewed,
gdsc_response,SIDM01097,SK-PN-DW,SIDM01097,,unreviewed,
gdsc_response,SIDM01113,SK-UT-1,SIDM01113,,unreviewed,
gdsc_response,SIDM00373,SNG-M,SIDM00373,,unreviewed,
gdsc_response,SIDM01180,SNU-387,SIDM01180,,unreviewed,
gdsc_response,SIDM01199,SNU-423,SIDM01199,,unreviewed,
gdsc_response,SIDM01194,SNU-449,SIDM01194,,unreviewed,
gdsc_response,SIDM00781,SNU-C2B,SIDM00781,,unreviewed,
gdsc_response,SIDM00390,SU-DHL-1,SIDM00390,,unreviewed,
gdsc_response,SIDM01154,SUP-T1,SIDM01154,,unreviewed,
gdsc_response,SIDM00814,SW13,SIDM00814,,unreviewed,
gdsc_response,SIDM01155,SW1088,SIDM01155,,unreviewed,
gdsc_response,SIDM00835,SW1116,SIDM00835,,unreviewed,
gdsc_response,SIDM00812,SW1417,SIDM00812,,unreviewed,
gdsc_response,SIDM00834,SW1463,SIDM00834,,unreviewed,
gdsc_response,SIDM00420,SW1710,SIDM00420,,unreviewed,
gdsc_response,SIDM01164,SW1783,SIDM01164,,unreviewed,
gdsc_response,SIDM00837,SW48,SIDM00837,,unreviewed,
gdsc_response,SIDM01168,SW626,SIDM01168,,unreviewed,
gdsc_response,SIDM01175,SW684,SIDM01175,,unreviewed,
gdsc_response,SIDM00833,SW837,SIDM00833,,unreviewed,
gdsc_response,SIDM01159,SW872,SIDM01159,,unreviewed,
gdsc_response,SIDM00832,SW948,SIDM00832,,unreviewed,
gdsc_response,SIDM01178,SW962,SIDM01178,,unreviewed,
gdsc_response,SIDM01161,SW982,SIDM01161,,unreviewed,
gdsc_response,SIDM00782,T84,SIDM00782,,unreviewed,
gdsc_response,SIDM00370,TALL-1,SIDM00370,,unreviewed,
gdsc_response,SIDM00252,TGBC1TKB,SIDM00252,,unreviewed,
gdsc_response,SIDM00251,TGBC11TKB,SIDM00251,,unreviewed,
gdsc_response,SIDM01172,THP-1,SIDM01172,,unreviewed,
gdsc_response,SIDM01205,TUR,SIDM01205,,unreviewed,
gdsc_response,SIDM00321,TYK-nu,SIDM00321,,unreviewed,
gdsc_response,SIDM01191,U-2-OS,SIDM01191,,unreviewed,
gdsc_response,SIDM00424,U-698-M,SIDM00424,,unreviewed,
gdsc_response,SIDM01186,UACC-893,SIDM01186,,unreviewed,
gdsc_response,SIDM01183,UMC-11,SIDM01183,,unreviewed,
gdsc_response,SIDM00317,VMRC-RCZ,SIDM00317,,unreviewed,
gdsc_response,SIDM01000,WM-115,SIDM01000,,unreviewed,
gdsc_response,SIDM00412,WSU-NHL,SIDM00412,,unreviewed,
gdsc_response,SIDM00411,YAPC,SIDM00411,,unreviewed,
gdsc_response,SIDM00316,YH-13,SIDM00316,,unreviewed,
gdsc_response,SIDM00971,ZR-75-30,SIDM00971,,unreviewed,
gdsc_response,SIDM00235,RCC10RGB,SIDM00235,,unreviewed,
gdsc_response,SIDM00554,KURAMOCHI,SIDM00554,,unreviewed,
gdsc_response,SIDM01018,KM-H2,SIDM01018,,unreviewed,
gdsc_response,SIDM00584,HuO-3N1,SIDM00584,,unreviewed,
gdsc_response,SIDM00479,OE19,SIDM00479,,unreviewed,
gdsc_response,SIDM01177,SUP-B8,SIDM01177,,unreviewed,
gdsc_response,SIDM01150,NCI-H838,SIDM01150,,unreviewed,
gdsc_response,SIDM01247,Ramos-2G6-4C10,SIDM01247,,unreviewed,
gdsc_response,SIDM00482,RPMI-8866,SIDM00482,,unreviewed,
gdsc_response,SIDM00467,QIMR-WIL,SIDM00467,,unreviewed,
gdsc_response,SIDM00469,PSN1,SIDM00469,,unreviewed,
gdsc_response,SIDM00480,OAW-42,SIDM00480,,unreviewed,
gdsc_response,SIDM00477,OE33,SIDM00477,,unreviewed,
gdsc_response,SIDM00282,CW-2,SIDM00282,,unreviewed,
gdsc_response,SIDM00286,CHP-126,SIDM00286,,unreviewed,
gdsc_response,SIDM01248,CGTH-W-1,SIDM01248,,unreviewed,
gdsc_response,SIDM00842,COLO-320-HSR,SIDM00842,,unreviewed,
gdsc_response,SIDM00233,ATN-1,SIDM00233,,unreviewed,
gdsc_response,SIDM00917,CESS,SIDM00917,,unreviewed,
gdsc_response,SIDM00957,COLO-678,SIDM00957,,unreviewed,
gdsc_response,SIDM00142,COLO-684,SIDM00142,,unreviewed,
gdsc_response,SIDM00143,COLO-668,SIDM00143,,unreviewed,
gdsc_response,SIDM00343,LN-405,SIDM00343,,unreviewed,
gdsc_response,SIDM00267,TGBC24TKB,SIDM00267,,unreviewed,
gdsc_response,SIDM00794,A388,SIDM00794,,unreviewed,
gdsc_response,SIDM00988,BFTC-909,SIDM00988,,unreviewed,
gdsc_response,SIDM01233,C2BBe1,SIDM01233,,unreviewed,
gdsc_response,SIDM01082,SCC-25,SIDM01082,,unreviewed,
gdsc_response,SIDM00899,AsPC-1,SIDM00899,,unreviewed,
gdsc_response,SIDM00907,CA46,SIDM00907,,unreviewed,
gdsc_response,SIDM00898,AU565,SIDM00898,,unreviewed,
gdsc_response,SIDM00287,BALL-1,SIDM00287,,unreviewed,
gdsc_response,SIDM00985,BL-41,SIDM00985,,unreviewed,
gdsc_response,SIDM00962,BV-173,SIDM00962,,unreviewed,
gdsc_response,SIDM00306,IA-LM,SIDM00306,,unreviewed,
gdsc_response,SIDM00324,TGW,SIDM00324,,unreviewed,
gdsc_response,SIDM00901,AN3-CA,SIDM00901,,unreviewed,
gdsc_response,SIDM00798,A204,SIDM00798,,unreviewed,
gdsc_response,SIDM00569,NY,SIDM00569,,unreviewed,
gdsc_response,SIDM01237,C3A,SIDM01237,,unreviewed,
gdsc_response,SIDM00810,A427,SIDM00810,,unreviewed,
gdsc_response,SIDM00928,CAL-85-1,SIDM00928,,unreviewed,
gdsc_response,SIDM01228,CHL-1,SIDM01228,,unreviewed,
gdsc_response,SIDM01089,RL,SIDM01089,,unreviewed,
gdsc_response,SIDM00698,NCI-H146,SIDM00698,,unreviewed,
gdsc_response,SIDM00744,NCI-H1651,SIDM00744,,unreviewed,
gdsc_response,SIDM01087,RPMI-7951,SIDM01087,,unreviewed,
gdsc_response,SIDM01081,SCC-4,SIDM01081,,unreviewed,
gdsc_response,SIDM01197,SNU-C1,SIDM01197,,unreviewed,
gdsc_response,SIDM01198,ST486,SIDM01198,,unreviewed,
gdsc_response,SIDM01165,SW1990,SIDM01165,,unreviewed,
gdsc_response,SIDM01187,UACC-812,SIDM01187,,unreviewed,
gdsc_response,SIDM01083,SCC-15,SIDM01083,,unreviewed,
gdsc_response,SIDM00943,CAPAN-2,SIDM00943,,unreviewed,
gdsc_response,SIDM00937,CAL-27,SIDM00937,,unreviewed,
gdsc_response,SIDM00895,BC-3,SIDM00895,,unreviewed,
gdsc_response,SIDM00896,BC-1,SIDM00896,,unreviewed,
gdsc_response,SIDM00849,A704,SIDM00849,,unreviewed,
gdsc_response,SIDM00801,A101D,SIDM00801,,unreviewed,
gdsc_response,SIDM00803,769-P,SIDM00803,,unreviewed,
gdsc_response,SIDM00980,23132-87,SIDM00980,,unreviewed,
gdsc_response,SIDM00995,A431,SIDM00995,,unreviewed,
gdsc_response,SIDM00989,BFTC-905,SIDM00989,,unreviewed,
gdsc_response,SIDM00933,CAL-51,SIDM00933,,unreviewed,
gdsc_response,SIDM00384,SCC-3,SIDM00384,,unreviewed,
gdsc_response,SIDM00355,RERF-LC-MS,SIDM00355,,unreviewed,
gdsc_response,SIDM00543,GAK,SIDM00543,,unreviewed,
gdsc_response,SIDM00492,AM-38,SIDM00492,,unreviewed,
gdsc_response,SIDM00502,A4-Fuk,SIDM00502,,unreviewed,
gdsc_response,SIDM00495,A3-KAW,SIDM00495,,unreviewed,
gdsc_response,SIDM00540,DOK,SIDM00540,,unreviewed,
gdsc_response,SIDM00511,COR-L279,SIDM00511,,unreviewed,
gdsc_response,SIDM00285,CHP-134,SIDM00285,,unreviewed,
gdsc_response,SIDM00243,NEC8,SIDM00243,,unreviewed,
gdsc_response,SIDM00212,CAS-1,SIDM00212,,unreviewed,
gdsc_response,SIDM00211,ALL-PO,SIDM00211,,unreviewed,
gdsc_response,SIDM00446,OCI-AML2,SIDM00446,,unreviewed,
gdsc_response,SIDM00332,MFM-223,SIDM00332,,unreviewed,
gdsc_response,SIDM00958,CML-T1,SIDM00958,,unreviewed,
gdsc_response,SIDM00932,CAL-54,SIDM00932,,unreviewed,
gdsc_response,SIDM01052,EFO-21,SIDM01052,,unreviewed,
gdsc_response,SIDM00681,LS-1034,SIDM00681,,unreviewed,
gdsc_response,SIDM00499,22RV1,SIDM00499,,unreviewed,
gdsc_response,SIDM00996,8505C,SIDM00996,,unreviewed,
gdsc_response,SIDM00992,B-CPAP,SIDM00992,,unreviewed,
gdsc_response,SIDM00964,BPH-1,SIDM00964,,unreviewed,
gdsc_response,SIDM00938,CAL-148,SIDM00938,,unreviewed,
gdsc_response,SIDM00935,CAL-39,SIDM00935,,unreviewed,
gdsc_response,SIDM00488,CaR-1,SIDM00488,,unreviewed,
gdsc_response,SIDM01064,HDLM-2,SIDM01064,,unreviewed,
gdsc_response,SIDM00592,HO-1-N-1,SIDM00592,,unreviewed,
gdsc_response,SIDM00496,HTC-C3,SIDM00496,,unreviewed,
gdsc_response,SIDM00302,KGN,SIDM00302,,unreviewed,
gdsc_response,SIDM00686,KLE,SIDM00686,,unreviewed,
gdsc_response,SIDM01210,KNS-81-FD,SIDM01210,,unreviewed,
gdsc_response,SIDM00557,KP-N-RT-BM-1,SIDM00557,,unreviewed,
gdsc_response,SIDM00056,K5,SIDM00056,,unreviewed,
gdsc_response,SIDM00312,L-363,SIDM00312,,unreviewed,
gdsc_response,SIDM00630,MDA-MB-415,SIDM00630,,unreviewed,
gdsc_response,SIDM00721,NCI-H250,SIDM00721,,unreviewed,
gdsc_response,SIDM00759,NCI-H1975,SIDM00759,,unreviewed,
gdsc_response,SIDM01157,SW954,SIDM01157,,unreviewed,
gdsc_response,SIDM01173,TE-441-T,SIDM01173,,unreviewed,
gdsc_response,SIDM00560,MKN7,SIDM00560,,unreviewed,
gdsc_response,SIDM00529,MDA-MB-157,SIDM00529,,unreviewed,
gdsc_response,SIDM01242,MMAc-SF,SIDM01242,,unreviewed,
gdsc_response,SIDM00247,MKN45,SIDM00247,,unreviewed,
gdsc_response,SIDM01116,NCI-H810,SIDM01116,,unreviewed,
gdsc_response,SIDM00299,MFH-ino,SIDM00299,,unreviewed,
gdsc_response,SIDM00242,NOS-1,SIDM00242,,unreviewed,
gdsc_response,SIDM01138,PANC-03-27,SIDM01138,,unreviewed,
gdsc_response,SIDM01136,PANC-08-13,SIDM01136,,unreviewed,
gdsc_response,SIDM01135,PANC-10-05,SIDM01135,,unreviewed,
gdsc_response,SIDM01088,RL95-2,SIDM01088,,unreviewed,
gdsc_response,SIDM00218,RO82-W-1,SIDM00218,,unreviewed,
gdsc_response,SIDM01093,SiHa,SIDM01093,,unreviewed,
gdsc_response,SIDM00381,SKG-IIIa,SIDM00381,,unreviewed,
gdsc_response,SIDM00484,TT,SIDM00484,,unreviewed,
gdsc_response,SIDM00319,VMRC-MELG,SIDM00319,,unreviewed,
gdsc_response,SIDM00325,TE-9,SIDM00325,,unreviewed,
gdsc_response,SIDM00348,TE-11,SIDM00348,,unreviewed,
gdsc_response,SIDM00328,TE-6,SIDM00328,,unreviewed,
gdsc_response,SIDM00023,TE-12,SIDM00023,,unreviewed,
gdsc_response,SIDM00234,TC-YIK,SIDM00234,,unreviewed,
gdsc_response,SIDM00410,YT,SIDM00410,,unreviewed,
gdsc_response,SIDM00963,BT-474,SIDM00963,,unreviewed,
gdsc_response,SIDM00481,OAW-28,SIDM00481,,unreviewed,
gdsc_response,SIDM00344,LCLC-97TM1,SIDM00344,,unreviewed,
gdsc_response,SIDM00157,KP-N-YS,SIDM00157,,unreviewed,
gdsc_response,SIDM01021,D-245MG,SIDM01021,,unreviewed,
gdsc_response,SIDM00622,D-247MG,SIDM00622,,unreviewed,
gdsc_response,SIDM00732,D-263MG,SIDM00732,,unreviewed,
gdsc_response,SIDM00620,D-336MG,SIDM00620,,unreviewed,
gdsc_response,SIDM00542,D-392MG,SIDM00542,,unreviewed,
gdsc_response,SIDM00209,D-423MG,SIDM00209,,unreviewed,
gdsc_response,SIDM00208,D-502MG,SIDM00208,,unreviewed,
gdsc_response,SIDM00206,D-566MG,SIDM00206,,unreviewed,
gdsc_response,SIDM00920,CAMA-1,SIDM00920,,unreviewed,
gdsc_response,SIDM00283,CTB-1,SIDM00283,,unreviewed,
gdsc_response,SIDM00918,Caov-4,SIDM00918,,unreviewed,
gdsc_response,SIDM00892,BT-483,SIDM00892,,unreviewed,
gdsc_response,SIDM00659,M059J,SIDM00659,,unreviewed,
gdsc_response,SIDM00289,HAL-01,SIDM00289,,unreviewed,
gdsc_response,SIDM00240,OMC-1,SIDM00240,,unreviewed,
gdsc_response,SIDM00261,ES8,SIDM00261,,unreviewed,
gdsc_response,SIDM00264,ES4,SIDM00264,,unreviewed,
gdsc_response,SIDM00262,ES6,SIDM00262,,unreviewed,
gdsc_response,SIDM00266,ES1,SIDM00266,,unreviewed,
gdsc_response,SIDM00201,EW-7,SIDM00201,,unreviewed,
gdsc_response,SIDM00202,EW-3,SIDM00202,,unreviewed,
gdsc_response,SIDM00200,EW-12,SIDM00200,,unreviewed,
gdsc_response,SIDM00205,EW-1,SIDM00205,,unreviewed,
gdsc_response,SIDM00197,EW-18,SIDM00197,,unreviewed,
gdsc_response,SIDM00198,EW-16,SIDM00198,,unreviewed,
gdsc_response,SIDM00621,EW-13,SIDM00621,,unreviewed,
gdsc_response,SIDM00196,EW-22,SIDM00196,,unreviewed,
gdsc_response,SIDM00195,EW-24,SIDM00195,,unreviewed,
gdsc_response,SIDM00330,LAN-6,SIDM00330,,unreviewed,
gdsc_response,SIDM00259,NB10,SIDM00259,,unreviewed,
gdsc_response,SIDM00258,NB12,SIDM00258,,unreviewed,
gdsc_response,SIDM00253,NB6,SIDM00253,,unreviewed,
gdsc_response,SIDM00156,NB7,SIDM00156,,unreviewed,
gdsc_response,SIDM00255,NB17,SIDM00255,,unreviewed,
gdsc_response,SIDM00254,NB5,SIDM00254,,unreviewed,
gdsc_response,SIDM00257,NB13,SIDM00257,,unreviewed,
gdsc_response,SIDM00256,NB14,SIDM00256,,unreviewed,
gdsc_response,SIDM00578,NB1,SIDM00578,,unreviewed,
gdsc_response,SIDM00427,RH-1,SIDM00427,,unreviewed,
gdsc_response,SIDM00454,RH-18,SIDM00454,,unreviewed,
gdsc_response,SIDM00179,MZ2-MEL,SIDM00179,,unreviewed,
gdsc_response,SIDM01016,Jurkat,SIDM01016,,unreviewed,
gdsc_response,SIDM00680,LS-180,SIDM00680,,unreviewed,
gdsc_response,SIDM00485,BICR22,SIDM00485,,unreviewed,
gdsc_response,SIDM00501,BICR78,SIDM00501,,unreviewed,
gdsc_response,SIDM00487,CCK-81,SIDM00487,,unreviewed,
gdsc_response,SIDM00955,COLO-783,SIDM00955,,unreviewed,
gdsc_response,SIDM01045,EN,SIDM01045,,unreviewed,
gdsc_response,SIDM00861,ES-2,SIDM00861,,unreviewed,
gdsc_response,SIDM01040,FU-OV-1,SIDM01040,,unreviewed,
gdsc_response,SIDM00129,G-MEL,SIDM00129,,unreviewed,
gdsc_response,SIDM00101,NCI-H2591,SIDM00101,,unreviewed,
gdsc_response,SIDM00100,NCI-H2595,SIDM00100,,unreviewed,
gdsc_response,SIDM00098,NCI-H2731,SIDM00098,,unreviewed,
gdsc_response,SIDM00309,NCI-H2803,SIDM00309,,unreviewed,
gdsc_response,SIDM00310,NCI-H2804,SIDM00310,,unreviewed,
gdsc_response,SIDM00311,NCI-H2810,SIDM00311,,unreviewed,
gdsc_response,SIDM00519,NCI-H2869,SIDM00519,,unreviewed,
gdsc_response,SIDM00518,NCI-H290,SIDM00518,,unreviewed,
gdsc_response,SIDM00517,NCI-H3118,SIDM00517,,unreviewed,
gdsc_response,SIDM00114,NCI-H513,SIDM00114,,unreviewed,
gdsc_response,SIDM00598,HARA,SIDM00598,,unreviewed,
gdsc_response,SIDM01072,HCC-15,SIDM01072,,unreviewed,
gdsc_response,SIDM01070,HCC-366,SIDM01070,,unreviewed,
gdsc_response,SIDM01069,HCC-44,SIDM01069,,unreviewed,
gdsc_response,SIDM01067,HCC-827,SIDM01067,,unreviewed,
gdsc_response,SIDM00672,Hep3B2-1-7,SIDM00672,,unreviewed,
gdsc_response,SIDM00667,Hs-633T,SIDM00667,,unreviewed,
gdsc_response,SIDM00666,Hs-683,SIDM00666,,unreviewed,
gdsc_response,SIDM00665,Hs-746T,SIDM00665,,unreviewed,
gdsc_response,SIDM01066,IGR-37,SIDM01066,,unreviewed,
gdsc_response,SIDM00600,IHH-4,SIDM00600,,unreviewed,
gdsc_response,SIDM00602,IM-95,SIDM00602,,unreviewed,
gdsc_response,SIDM00617,JHH-2,SIDM00617,,unreviewed,
gdsc_response,SIDM00616,JHH-4,SIDM00616,,unreviewed,
gdsc_response,SIDM00615,JHH-6,SIDM00615,,unreviewed,
gdsc_response,SIDM00614,JHH-7,SIDM00614,,unreviewed,
gdsc_response,SIDM00128,JHU-011,SIDM00128,,unreviewed,
gdsc_response,SIDM00127,JHU-022,SIDM00127,,unreviewed,
gdsc_response,SIDM00552,KYM-1,SIDM00552,,unreviewed,
gdsc_response,SIDM00551,KYSE-220,SIDM00551,,unreviewed,
gdsc_response,SIDM00685,LN-18,SIDM00685,,unreviewed,
gdsc_response,SIDM00684,LN-229,SIDM00684,,unreviewed,
gdsc_response,SIDM01220,LNZTA3WT4,SIDM01220,,unreviewed,
gdsc_response,SIDM00629,MDA-MB-436,SIDM00629,,unreviewed,
gdsc_response,SIDM00527,MDST8,SIDM00527,,unreviewed,
gdsc_response,SIDM00333,MFE-319,SIDM00333,,unreviewed,
gdsc_response,SIDM00442,ML-1,SIDM00442,,unreviewed,
gdsc_response,SIDM00638,MS751,SIDM00638,,unreviewed,
gdsc_response,SIDM00579,NB(TU)1-10,SIDM00579,,unreviewed,
gdsc_response,SIDM00770,NCI-H1836,SIDM00770,,unreviewed,
gdsc_response,SIDM00768,NCI-H1869,SIDM00768,,unreviewed,
gdsc_response,SIDM00763,NCI-H1915,SIDM00763,,unreviewed,
gdsc_response,SIDM00762,NCI-H1944,SIDM00762,,unreviewed,
gdsc_response,SIDM00761,NCI-H196,SIDM00761,,unreviewed,
gdsc_response,SIDM00753,NCI-H2023,SIDM00753,,unreviewed,
gdsc_response,SIDM00704,NCI-H211,SIDM00704,,unreviewed,
gdsc_response,SIDM00137,NCI-H3122,SIDM00137,,unreviewed,
gdsc_response,SIDM01125,NCI-H647,SIDM01125,,unreviewed,
gdsc_response,SIDM01134,NCI-H841,SIDM01134,,unreviewed,
gdsc_response,SIDM01149,NCI-H847,SIDM01149,,unreviewed,
gdsc_response,SIDM00565,OSC-20,SIDM00565,,unreviewed,
gdsc_response,SIDM01141,OV-90,SIDM01141,,unreviewed,
gdsc_response,SIDM00564,OVISE,SIDM00564,,unreviewed,
gdsc_response,SIDM00466,OVKATE,SIDM00466,,unreviewed,
gdsc_response,SIDM00465,OVMIU,SIDM00465,,unreviewed,
gdsc_response,SIDM00453,PA-TU-8988T,SIDM00453,,unreviewed,
gdsc_response,SIDM00361,PC-3_[JPC-3],SIDM00361,,unreviewed,
gdsc_response,SIDM00270,PCI-15A,SIDM00270,,unreviewed,
gdsc_response,SIDM00115,PCI-6A,SIDM00115,,unreviewed,
gdsc_response,SIDM00473,PE-CA-PJ15,SIDM00473,,unreviewed,
gdsc_response,SIDM00358,RERF-GC-1B,SIDM00358,,unreviewed,
gdsc_response,SIDM00426,RH-41,SIDM00426,,unreviewed,
gdsc_response,SIDM00394,SISO,SIDM00394,,unreviewed,
gdsc_response,SIDM00377,SKN,SIDM00377,,unreviewed,
gdsc_response,SIDM01181,SNU-398,SIDM01181,,unreviewed,
gdsc_response,SIDM01188,SU8686,SIDM01188,,unreviewed,
gdsc_response,SIDM00371,SUIT-2,SIDM00371,,unreviewed,
gdsc_response,SIDM01162,SW156,SIDM01162,,unreviewed,
gdsc_response,SIDM00419,TC-71,SIDM00419,,unreviewed,
gdsc_response,SIDM01169,TOV-21G,SIDM01169,,unreviewed,
gdsc_response,SIDM00418,TT2609-C02,SIDM00418,,unreviewed,
gdsc_response,SIDM00318,VMRC-RCW,SIDM00318,,unreviewed,
gdsc_response,SIDM00975,WM278,SIDM00975,,unreviewed,
gdsc_response,SIDM01176,SUP-B15,SIDM01176,,unreviewed,
gdsc_response,SIDM00046,H3255,SIDM00046,,unreviewed,
gdsc_response,SIDM01240,451Lu,SIDM01240,,unreviewed,
gdsc_response,SIDM00462,OCI-AML3,SIDM00462,,unreviewed,
gdsc_response,SIDM00491,ASH-3,SIDM00491,,unreviewed,
gdsc_response,SIDM00077,BICR10,SIDM00077,,unreviewed,
gdsc_response,SIDM00078,BICR31,SIDM00078,,unreviewed,
gdsc_response,SIDM00936,CAL-29,SIDM00936,,unreviewed,
gdsc_response,SIDM00929,CAL-78,SIDM00929,,unreviewed,
gdsc_response,SIDM00051,CHSA0011,SIDM00051,,unreviewed,
gdsc_response,SIDM00050,CHSA0108,SIDM00050,,unreviewed,
gdsc_response,SIDM00944,CL-11,SIDM00944,,unreviewed,
gdsc_response,SIDM00199,CS1,SIDM00199,,unreviewed,
gdsc_response,SIDM00950,DAN-G,SIDM00950,,unreviewed,
gdsc_response,SIDM01002,EFM-192A,SIDM01002,,unreviewed,
gdsc_response,SIDM00503,FU97,SIDM00503,,unreviewed,
gdsc_response,SIDM00858,G-292-Clone-A141B1,SIDM00858,,unreviewed,
gdsc_response,SIDM00104,NCI-H2369,SIDM00104,,unreviewed,
gdsc_response,SIDM00103,NCI-H2373,SIDM00103,,unreviewed,
gdsc_response,SIDM00102,NCI-H2461,SIDM00102,,unreviewed,
gdsc_response,SIDM00099,NCI-H2722,SIDM00099,,unreviewed,
gdsc_response,SIDM00154,NCI-H2795,SIDM00154,,unreviewed,
gdsc_response,SIDM00520,NCI-H2818,SIDM00520,,unreviewed,
gdsc_response,SIDM00881,HCC1428,SIDM00881,,unreviewed,
gdsc_response,SIDM01068,HCC-78,SIDM01068,,unreviewed,
gdsc_response,SIDM01062,HDQ-P1,SIDM01062,,unreviewed,
gdsc_response,SIDM00994,ALL-SIL,SIDM00994,,unreviewed,
gdsc_response,SIDM00993,AMO-1,SIDM00993,,unreviewed,
gdsc_response,SIDM00510,COR-L303,SIDM00510,,unreviewed,
gdsc_response,SIDM00521,COR-L95,SIDM00521,,unreviewed,
gdsc_response,SIDM00946,DND-41,SIDM00946,,unreviewed,
gdsc_response,SIDM01048,EJM,SIDM01048,,unreviewed,
gdsc_response,SIDM00859,Farage,SIDM00859,,unreviewed,
gdsc_response,SIDM00846,HeLa,SIDM00846,,unreviewed,
gdsc_response,SIDM00670,HPAC,SIDM00670,,unreviewed,
gdsc_response,SIDM00664,Hs-766T,SIDM00664,,unreviewed,
gdsc_response,SIDM00663,Hs-939-T,SIDM00663,,unreviewed,
gdsc_response,SIDM00662,Hs-940-T,SIDM00662,,unreviewed,
gdsc_response,SIDM00586,huH-1,SIDM00586,,unreviewed,
gdsc_response,SIDM00618,JHH-1,SIDM00618,,unreviewed,
gdsc_response,SIDM00690,JHU-029,SIDM00690,,unreviewed,
gdsc_response,SIDM01037,JIMT-1,SIDM01037,,unreviewed,
gdsc_response,SIDM00126,K2,SIDM00126,,unreviewed,
gdsc_response,SIDM00619,KMH-2,SIDM00619,,unreviewed,
gdsc_response,SIDM00611,KMRC-1,SIDM00611,,unreviewed,
gdsc_response,SIDM00609,KMRC-20,SIDM00609,,unreviewed,
gdsc_response,SIDM00604,KON,SIDM00604,,unreviewed,
gdsc_response,SIDM00583,KP-1N,SIDM00583,,unreviewed,
gdsc_response,SIDM00582,KP-2,SIDM00582,,unreviewed,
gdsc_response,SIDM00571,KP-3,SIDM00571,,unreviewed,
gdsc_response,SIDM00550,KYSE-50,SIDM00550,,unreviewed,
gdsc_response,SIDM00300,LC-1-sq,SIDM00300,,unreviewed,
gdsc_response,SIDM00341,LOU-NH91,SIDM00341,,unreviewed,
gdsc_response,SIDM00658,NCI-H1435,SIDM00658,,unreviewed,
gdsc_response,SIDM00750,NCI-H1568,SIDM00750,,unreviewed,
gdsc_response,SIDM00792,NCI-H1688,SIDM00792,,unreviewed,
gdsc_response,SIDM00754,NCI-H1781,SIDM00754,,unreviewed,
gdsc_response,SIDM00703,NCI-H2110,SIDM00703,,unreviewed,
gdsc_response,SIDM00700,NCI-H2135,SIDM00700,,unreviewed,
gdsc_response,SIDM00926,NCI-H2172,SIDM00926,,unreviewed,
gdsc_response,SIDM00723,NCI-H2444,SIDM00723,,unreviewed,
gdsc_response,SIDM00570,NUGC-4,SIDM00570,,unreviewed,
gdsc_response,SIDM00568,OCUM-1,SIDM00568,,unreviewed,
gdsc_response,SIDM00478,OE21,SIDM00478,,unreviewed,
gdsc_response,SIDM00566,OSC-19,SIDM00566,,unreviewed,
gdsc_response,SIDM00425,OVTOKO,SIDM00425,,unreviewed,
gdsc_response,SIDM01139,PANC-02-03,SIDM01139,,unreviewed,
gdsc_response,SIDM01137,PANC-04-03,SIDM01137,,unreviewed,
gdsc_response,SIDM00455,PA-TU-8902,SIDM00455,,unreviewed,
gdsc_response,SIDM00044,PCI-30,SIDM00044,,unreviewed,
gdsc_response,SIDM00043,PCI-4B,SIDM00043,,unreviewed,
gdsc_response,SIDM00042,PL4,SIDM00042,,unreviewed,
gdsc_response,SIDM00360,QGP-1,SIDM00360,,unreviewed,
gdsc_response,SIDM00356,RERF-LC-KJ,SIDM00356,,unreviewed,
gdsc_response,SIDM00354,RERF-LC-Sq1,SIDM00354,,unreviewed,
gdsc_response,SIDM00353,RKN,SIDM00353,,unreviewed,
gdsc_response,SIDM00350,SAT,SIDM00350,,unreviewed,
gdsc_response,SIDM00399,SCC90,SIDM00399,,unreviewed,
gdsc_response,SIDM00375,SKN-3,SIDM00375,,unreviewed,
gdsc_response,SIDM00041,STS-0421,SIDM00041,,unreviewed,
gdsc_response,SIDM01156,SW1271,SIDM01156,,unreviewed,
gdsc_response,SIDM00322,T-T,SIDM00322,,unreviewed,
gdsc_response,SIDM00040,TMK-1,SIDM00040,,unreviewed,
gdsc_response,SIDM01170,TOV-112D,SIDM01170,,unreviewed,
gdsc_response,SIDM01077,VCaP,SIDM01077,,unreviewed,
gdsc_response,SIDM00976,WM1552C,SIDM00976,,unreviewed,
gdsc_response,SIDM00974,WM35,SIDM00974,,unreviewed,
gdsc_response,SIDM00973,WM793B,SIDM00973,,unreviewed,
gdsc_response,SIDM00854,GA-10,SIDM00854,,unreviewed,
gdsc_response,SIDM01058,GRANTA-519,SIDM01058,,unreviewed,
gdsc_response,SIDM00879,HCC1500,SIDM00879,,unreviewed,
gdsc_response,SIDM01071,HCC-33,SIDM01071,,unreviewed,
gdsc_response,SIDM01261,YMB-1-E,SIDM01261,,unreviewed,
gdsc_response,SIDM00176,CHSA8926,SIDM00176,,unreviewed,
gdsc_response,SIDM00508,COR-L32,SIDM00508,,unreviewed,
gdsc_response,SIDM00507,COR-L321,SIDM00507,,unreviewed,
gdsc_response,SIDM00668,Hs-445,SIDM00668,,unreviewed,
gdsc_response,SIDM00045,HSC-39,SIDM00045,,unreviewed,
gdsc_response,SIDM00428,NB4,SIDM00428,,unreviewed,
gdsc_response,SIDM01038,JEKO-1,SIDM01038,,unreviewed,
gdsc_response,SIDM01036,JJN-3,SIDM01036,,unreviewed,
gdsc_response,SIDM00689,JM1,SIDM00689,,unreviewed,
gdsc_response,SIDM00688,JSC-1,SIDM00688,,unreviewed,
gdsc_response,SIDM01015,JURL-MK1,SIDM01015,,unreviewed,
gdsc_response,SIDM01011,KARPAS-1106P,SIDM01011,,unreviewed,
gdsc_response,SIDM01017,KARPAS-231,SIDM01017,,unreviewed,
gdsc_response,SIDM01006,KARPAS-620,SIDM01006,,unreviewed,
gdsc_response,SIDM01004,KCL-22,SIDM01004,,unreviewed,
gdsc_response,SIDM01034,KOPN-8,SIDM01034,,unreviewed,
gdsc_response,SIDM00313,L-1236,SIDM00313,,unreviewed,
gdsc_response,SIDM00631,MDA-MB-330,SIDM00631,,unreviewed,
gdsc_response,SIDM00338,ME-1,SIDM00338,,unreviewed,
gdsc_response,SIDM00437,MOLM-13,SIDM00437,,unreviewed,
gdsc_response,SIDM00435,MOLM-16,SIDM00435,,unreviewed,
gdsc_response,SIDM00434,MOLP-8,SIDM00434,,unreviewed,
gdsc_response,SIDM01217,MY-M12,SIDM01217,,unreviewed,
gdsc_response,SIDM00646,NCI-H1341,SIDM00646,,unreviewed,
gdsc_response,SIDM00766,NCI-H1876,SIDM00766,,unreviewed,
gdsc_response,SIDM00711,NCI-H2066,SIDM00711,,unreviewed,
gdsc_response,SIDM01123,NCI-H660,SIDM01123,,unreviewed,
gdsc_response,SIDM01201,NK-92MI,SIDM01201,,unreviewed,
gdsc_response,SIDM00443,NU-DUL-1,SIDM00443,,unreviewed,
gdsc_response,SIDM00461,OCI-AML5,SIDM00461,,unreviewed,
gdsc_response,SIDM00460,OCI-LY-19,SIDM00460,,unreviewed,
gdsc_response,SIDM00458,OCI-M1,SIDM00458,,unreviewed,
gdsc_response,SIDM00362,P32-ISH,SIDM00362,,unreviewed,
gdsc_response,SIDM00450,PL-21,SIDM00450,,unreviewed,
gdsc_response,SIDM01114,PWR-1E,SIDM01114,,unreviewed,
gdsc_response,SIDM00449,RCH-ACV,SIDM00449,,unreviewed,
gdsc_response,SIDM00448,RC-K8,SIDM00448,,unreviewed,
gdsc_response,SIDM00415,ROS-50,SIDM00415,,unreviewed,
gdsc_response,SIDM00374,SLVL,SIDM00374,,unreviewed,
gdsc_response,SIDM00389,SU-DHL-10,SIDM00389,,unreviewed,
gdsc_response,SIDM00404,SU-DHL-16,SIDM00404,,unreviewed,
gdsc_response,SIDM00405,SU-DHL-4,SIDM00405,,unreviewed,
gdsc_response,SIDM00406,SU-DHL-5,SIDM00406,,unreviewed,
gdsc_response,SIDM00407,SU-DHL-6,SIDM00407,,unreviewed,
gdsc_response,SIDM00423,SU-DHL-8,SIDM00423,,unreviewed,
gdsc_response,SIDM00422,SUP-HD1,SIDM00422,,unreviewed,
gdsc_response,SIDM00421,SUP-M2,SIDM00421,,unreviewed,
gdsc_response,SIDM00323,TK,SIDM00323,,unreviewed,
gdsc_response,SIDM00416,VAL,SIDM00416,,unreviewed,
gdsc_response,SIDM01102,WIL2-NS,SIDM01102,,unreviewed,
gdsc_response,SIDM00413,WSU-DLCL2,SIDM00413,,unreviewed,
gdsc_response,SIDM01118,NCI-H740,SIDM01118,,unreviewed,
gdsc_response,SIDM00969,DOV13,SIDM00969,,unreviewed,
gdsc_response,SIDM00968,Hey,SIDM00968,,unreviewed,
gdsc_response,SIDM00305,JHOS-2,SIDM00305,,unreviewed,
gdsc_response,SIDM00304,JHOS-3,SIDM00304,,unreviewed,
gdsc_response,SIDM00303,JHOS-4,SIDM00303,,unreviewed,
gdsc_response,SIDM00474,OV-7,SIDM00474,,unreviewed,
gdsc_response,SIDM00476,OV-17R,SIDM00476,,unreviewed,
gdsc_response,SIDM00475,OV-56,SIDM00475,,unreviewed,
gdsc_response,SIDM00967,OVCA420,SIDM00967,,unreviewed,
gdsc_response,SIDM00966,OVCA433,SIDM00966,,unreviewed,
gdsc_response,SIDM00238,OVK-18,SIDM00238,,unreviewed,
gdsc_response,SIDM00472,PEO1,SIDM00472,,unreviewed,
gdsc_response,SIDM00815,UWB1.289,SIDM00815,,unreviewed,
gdsc_response,SIDM01041,FLO-1,SIDM01041,,unreviewed,
gdsc_response,SIDM00445,OACp4C,SIDM00445,,unreviewed,
gdsc_response,SIDM00444,OACM5-1,SIDM00444,,unreviewed,
gdsc_response,SIDM00393,SK-GT-2,SIDM00393,,unreviewed,
gdsc_response,SIDM00483,SK-GT-4,SIDM00483,,unreviewed,
gdsc_response,SIDM00539,ESO26,SIDM00539,,unreviewed,
gdsc_response,SIDM00538,ESO51,SIDM00538,,unreviewed,
gdsc_response,SIDM00530,KYAE-1,SIDM00530,,unreviewed,
gdsc_response,SIDM00048,EMC-BAC-1,SIDM00048,,unreviewed,
gdsc_response,SIDM00047,EMC-BAC-2,SIDM00047,,unreviewed,
gdsc_response,SIDM00250,TE-4,SIDM00250,,unreviewed,
gdsc_response,SIDM01185,U-CH2,SIDM01185,,unreviewed,
gdsc_response,SIDM00231,NCC010,SIDM00231,,unreviewed,
gdsc_response,SIDM00232,NCC021,SIDM00232,,unreviewed,
gdsc_response,SIDM00819,RCC-FG2,SIDM00819,,unreviewed,
gdsc_response,SIDM00818,RCC-JF,SIDM00818,,unreviewed,
gdsc_response,SIDM00817,RCC-JW,SIDM00817,,unreviewed,
gdsc_response,SIDM00820,RCC-ER,SIDM00820,,unreviewed,
gdsc_response,SIDM00821,RCC-AB,SIDM00821,,unreviewed,
gdsc_response,SIDM00816,RCC-MF,SIDM00816,,unreviewed,
gdsc_response,SIDM00608,KMS-11,SIDM00608,,unreviewed,
gdsc_response,SIDM01265,MM1S,SIDM01265,,unreviewed,
gdsc_response,SIDM00459,OCI-LY7,SIDM00459,,unreviewed,
gdsc_response,SIDM00217,SNU-1040,SIDM00217,,unreviewed,
gdsc_response,SIDM00216,SNU-175,SIDM00216,,unreviewed,
gdsc_response,SIDM00215,SNU-283,SIDM00215,,unreviewed,
gdsc_response,SIDM00214,SNU-407,SIDM00214,,unreviewed,
gdsc_response,SIDM00194,SNU-61,SIDM00194,,unreviewed,
gdsc_response,SIDM00193,SNU-81,SIDM00193,,unreviewed,
gdsc_response,SIDM00498,SNU-C5,SIDM00498,,unreviewed,
gdsc_response,SIDM00049,DiFi,SIDM00049,,unreviewed,
gdsc_response,SIDM00870,HCC202,SIDM00870,,unreviewed,
depmap_metadata,ACH-000001,NIHOVCAR3,SIDM00105,ACH-000001,reference,
depmap_metadata,ACH-000002,HL60,SIDM00829,ACH-000002,reference,
depmap_metadata,ACH-000003,CACO2,SIDM00891,ACH-000003,reference,
depmap_metadata,ACH-000004,HEL,SIDM00594,ACH-000004,reference,
depmap_metadata,ACH-000005,HEL9217,SIDM00593,ACH-000005,reference,
depmap_metadata,ACH-000006,MONOMAC6,SIDM01023,ACH-000006,reference,
depmap_metadata,ACH-000007,LS513,SIDM00677,ACH-000007,reference,
depmap_metadata,ACH-000008,A101D,SIDM00801,ACH-000008,reference,
depmap_metadata,ACH-000009,C2BBE1,SIDM01233,ACH-000009,reference,
depmap_metadata,ACH-000011,253J,nan,ACH-000011,reference,
depmap_metadata,ACH-000012,HCC827,SIDM01067,ACH-000012,reference,
depmap_metadata,ACH-000013,ONCODG1,SIDM00093,ACH-000013,reference,
depmap_metadata,ACH-000014,HS294T,SIDM00800,ACH-000014,reference,
depmap_metadata,ACH-000015,NCIH1581,SIDM00748,ACH-000015,reference,
depmap_metadata,ACH-000016,SLR21,nan,ACH-000016,reference,
depmap_metadata,ACH-000017,SKBR3,SIDM00897,ACH-000017,reference,
depmap_metadata,ACH-000018,T24,SIDM01184,ACH-000018,reference,
depmap_metadata,ACH-000019,MCF7,SIDM00148,ACH-000019,reference,
depmap_metadata,ACH-000020,MHHCALL2,SIDM00331,ACH-000020,reference,
depmap_metadata,ACH-000021,NCIH1693,SIDM00742,ACH-000021,reference,
depmap_metadata,ACH-000022,PATU8988S,SIDM00452,ACH-000022,reference,
depmap_metadata,ACH-000023,PATU8988T,SIDM00453,ACH-000023,reference,
depmap_metadata,ACH-000024,OPM2,SIDM00457,ACH-000024,reference,
depmap_metadata,ACH-000025,CH157MN,nan,ACH-000025,reference,
depmap_metadata,ACH-000026,253JBV,nan,ACH-000026,reference,
depmap_metadata,ACH-000027,GOS3,nan,ACH-000027,reference,
depmap_metadata,ACH-000028,KPL1,SIDM00147,ACH-000028,reference,
depmap_metadata,ACH-000029,HCC827GR5,nan,ACH-000029,reference,
depmap_metadata,ACH-000030,PC14,SIDM00237,ACH-000030,reference,
depmap_metadata,ACH-000031,PANC0213,nan,ACH-000031,reference,
depmap_metadata,ACH-000032,MHHCALL3,nan,ACH-000032,reference,
depmap_metadata,ACH-000033,NCIH1819,nan,ACH-000033,reference,
depmap_metadata,ACH-000034,PLB985,SIDM00811,ACH-000034,reference,
depmap_metadata,ACH-000035,NCIH1650,SIDM00745,ACH-000035,reference,
depmap_metadata,ACH-000036,U343,nan,ACH-000036,reference,
depmap_metadata,ACH-000037,S117,SIDM00035,ACH-000037,reference,
depmap_metadata,ACH-000038,EHEB,SIDM01049,ACH-000038,reference,
depmap_metadata,ACH-000039,SKNMC,SIDM00634,ACH-000039,reference,
depmap_metadata,ACH-000040,U118MG,SIDM01193,ACH-000040,reference,
depmap_metadata,ACH-000041,RDES,nan,ACH-000041,reference,
depmap_metadata,ACH-000042,PANC0203,SIDM01139,ACH-000042,reference,
depmap_metadata,ACH-000043,HS895T,nan,ACH-000043,reference,
depmap_metadata,ACH-000044,MDAMB134VI,SIDM00005,ACH-000044,reference,
depmap_metadata,ACH-000045,MV411,SIDM00657,ACH-000045,reference,
depmap_metadata,ACH-000046,ACHN,SIDM00123,ACH-000046,reference,
depmap_metadata,ACH-000047,GCIY,SIDM00274,ACH-000047,reference,
depmap_metadata,ACH-000048,TOV112D,SIDM01170,ACH-000048,reference,
depmap_metadata,ACH-000049,HEKTE,nan,ACH-000049,reference,
depmap_metadata,ACH-000050,NCIH929,SIDM01148,ACH-000050,reference,
depmap_metadata,ACH-000051,TE617T,nan,ACH-000051,reference,
depmap_metadata,ACH-000052,A673,SIDM00848,ACH-000052,reference,
depmap_metadata,ACH-000053,KARPAS299,SIDM01010,ACH-000053,reference,
depmap_metadata,ACH-000054,HT1080,SIDM00828,ACH-000054,reference,
depmap_metadata,ACH-000055,D283MED,SIDM00888,ACH-000055,reference,
depmap_metadata,ACH-000056,DOHH2,SIDM00981,ACH-000056,reference,
depmap_metadata,ACH-000057,OPM1,SIDM00456,ACH-000057,reference,
depmap_metadata,ACH-000058,ML1,SIDM00442,ACH-000058,reference,
depmap_metadata,ACH-000059,SUPB15,SIDM01176,ACH-000059,reference,
depmap_metadata,ACH-000060,PANC1005,SIDM01135,ACH-000060,reference,
depmap_metadata,ACH-000061,HH,SIDM00671,ACH-000061,reference,
depmap_metadata,ACH-000062,RERFLCMS,SIDM00355,ACH-000062,reference,
depmap_metadata,ACH-000063,HS616T,SIDM01566,ACH-000063,reference,
depmap_metadata,ACH-000064,SALE,nan,ACH-000064,reference,
depmap_metadata,ACH-000065,OCIAML5,SIDM00461,ACH-000065,reference,
depmap_metadata,ACH-000066,HCC4006,nan,ACH-000066,reference,
depmap_metadata,ACH-000067,HS683,SIDM00666,ACH-000067,reference,
depmap_metadata,ACH-000068,REC1,SIDM01773,ACH-000068,reference,
depmap_metadata,ACH-000069,HS611T,nan,ACH-000069,reference,
depmap_metadata,ACH-000070,697,SIDM01076,ACH-000070,reference,
depmap_metadata,ACH-000071,HS706T,SIDM01704,ACH-000071,reference,
depmap_metadata,ACH-000072,MEG01,SIDM00526,ACH-000072,reference,
depmap_metadata,ACH-000073,GRANTA519,SIDM01058,ACH-000073,reference,
depmap_metadata,ACH-000074,KU812,SIDM00308,ACH-000074,reference,
depmap_metadata,ACH-000075,U87MG,SIDM01189,ACH-000075,reference,
depmap_metadata,ACH-000076,NCO2,nan,ACH-000076,reference,
depmap_metadata,ACH-000077,MJ,nan,ACH-000077,reference,
depmap_metadata,ACH-000078,MHHNB11,SIDM00387,ACH-000078,reference,
depmap_metadata,ACH-000079,TE125T,SIDM01763,ACH-000079,reference,
depmap_metadata,ACH-000080,BDCM,nan,ACH-000080,reference,
depmap_metadata,ACH-000081,GDM1,SIDM01057,ACH-000081,reference,
depmap_metadata,ACH-000082,G292CLONEA141B1,SIDM00858,ACH-000082,reference,
depmap_metadata,ACH-000083,HS281T,SIDM01594,ACH-000083,reference,
depmap_metadata,ACH-000084,MUTZ3,nan,ACH-000084,reference,
depmap_metadata,ACH-000085,T3M4,nan,ACH-000085,reference,
depmap_metadata,ACH-000086,ACCMESO1,nan,ACH-000086,reference,
depmap_metadata,ACH-000087,SKES1,SIDM01111,ACH-000087,reference,
depmap_metadata,ACH-000088,HS172T,SIDM01616,ACH-000088,reference,
depmap_metadata,ACH-000089,NCIH684,SIDM01665,ACH-000089,reference,
depmap_metadata,ACH-000090,PC3,SIDM00088,ACH-000090,reference,
depmap_metadata,ACH-000091,OV56,SIDM00475,ACH-000091,reference,
depmap_metadata,ACH-000092,NCIH2452,SIDM00722,ACH-000092,reference,
depmap_metadata,ACH-000093,PANC0504,nan,ACH-000093,reference,
depmap_metadata,ACH-000094,HPAFII,SIDM00669,ACH-000094,reference,
depmap_metadata,ACH-000095,D341MED,nan,ACH-000095,reference,
depmap_metadata,ACH-000096,G401,SIDM00856,ACH-000096,reference,
depmap_metadata,ACH-000097,ZR751,SIDM00314,ACH-000097,reference,
depmap_metadata,ACH-000098,GAMG,SIDM01055,ACH-000098,reference,
depmap_metadata,ACH-000099,SIMA,SIDM00395,ACH-000099,reference,
depmap_metadata,ACH-000100,RH41,SIDM00426,ACH-000100,reference,
depmap_metadata,ACH-000101,KE37,SIDM01003,ACH-000101,reference,
depmap_metadata,ACH-000102,GMS10,SIDM01074,ACH-000102,reference,
depmap_metadata,ACH-000103,CAOV4,SIDM00918,ACH-000103,reference,
depmap_metadata,ACH-000104,LOUCY,SIDM00342,ACH-000104,reference,
depmap_metadata,ACH-000105,ALLSIL,SIDM00994,ACH-000105,reference,
depmap_metadata,ACH-000106,JVM2,SIDM01013,ACH-000106,reference,
depmap_metadata,ACH-000107,CAPAN2,SIDM00943,ACH-000107,reference,
depmap_metadata,ACH-000108,KP3,SIDM00571,ACH-000108,reference,
depmap_metadata,ACH-000109,NCIH3255,SIDM00046,ACH-000109,reference,
depmap_metadata,ACH-000110,NCCSTCK140,nan,ACH-000110,reference,
depmap_metadata,ACH-000111,HCC1187,SIDM00885,ACH-000111,reference,
depmap_metadata,ACH-000112,SIGM5,SIDM00396,ACH-000112,reference,
depmap_metadata,ACH-000113,OCIAML2,SIDM00446,ACH-000113,reference,
depmap_metadata,ACH-000114,SU8686,SIDM01188,ACH-000114,reference,
depmap_metadata,ACH-000115,VCAP,SIDM01077,ACH-000115,reference,
depmap_metadata,ACH-000116,OAW28,SIDM00481,ACH-000116,reference,
depmap_metadata,ACH-000117,EFM192A,SIDM01002,ACH-000117,reference,
depmap_metadata,ACH-000118,HUPT3,SIDM00533,ACH-000118,reference,
depmap_metadata,ACH-000119,HS863T,SIDM01726,ACH-000119,reference,
depmap_metadata,ACH-000120,CHP212,SIDM00910,ACH-000120,reference,
depmap_metadata,ACH-000121,NCIH2405,SIDM00724,ACH-000121,reference,
depmap_metadata,ACH-000122,SUPT11,nan,ACH-000122,reference,
depmap_metadata,ACH-000123,COV434,nan,ACH-000123,reference,
depmap_metadata,ACH-000124,OCILY19,SIDM00460,ACH-000124,reference,
depmap_metadata,ACH-000125,TO175T,SIDM01759,ACH-000125,reference,
depmap_metadata,ACH-000126,KG1C,SIDM00784,ACH-000126,reference,
depmap_metadata,ACH-000127,SLR20,nan,ACH-000127,reference,
depmap_metadata,ACH-000128,LN319,nan,ACH-000128,reference,
depmap_metadata,ACH-000129,NCIH1341,SIDM00646,ACH-000129,reference,
depmap_metadata,ACH-000130,NALM19,SIDM01685,ACH-000130,reference,
depmap_metadata,ACH-000131,HS229T,nan,ACH-000131,reference,
depmap_metadata,ACH-000132,JHOS2,SIDM00305,ACH-000132,reference,
depmap_metadata,ACH-000133,HS729,nan,ACH-000133,reference,
depmap_metadata,ACH-000134,HS274T,SIDM01592,ACH-000134,reference,
depmap_metadata,ACH-000135,HS940T,SIDM00662,ACH-000135,reference,
depmap_metadata,ACH-000136,CHP126,SIDM00286,ACH-000136,reference,
depmap_metadata,ACH-000137,8MGBA,SIDM00998,ACH-000137,reference,
depmap_metadata,ACH-000138,CFPAC1,SIDM00130,ACH-000138,reference,
depmap_metadata,ACH-000139,PANC0327,SIDM01138,ACH-000139,reference,
depmap_metadata,ACH-000140,PFEIFFER,nan,ACH-000140,reference,
depmap_metadata,ACH-000141,SNU308,SIDM00161,ACH-000141,reference,
depmap_metadata,ACH-000142,CAL29,SIDM00936,ACH-000142,reference,
depmap_metadata,ACH-000143,HCC2429,nan,ACH-000143,reference,
depmap_metadata,ACH-000144,RERFGC1B,SIDM00358,ACH-000144,reference,
depmap_metadata,ACH-000145,SKLMS1,SIDM01109,ACH-000145,reference,
depmap_metadata,ACH-000146,THP1,SIDM01172,ACH-000146,reference,
depmap_metadata,ACH-000147,T47D,SIDM00097,ACH-000147,reference,
depmap_metadata,ACH-000148,HS578T,SIDM00135,ACH-000148,reference,
depmap_metadata,ACH-000149,SKNSH,SIDM01098,ACH-000149,reference,
depmap_metadata,ACH-000150,HCC2935,nan,ACH-000150,reference,
depmap_metadata,ACH-000151,JM1,SIDM00689,ACH-000151,reference,
depmap_metadata,ACH-000152,M059K,SIDM00639,ACH-000152,reference,
depmap_metadata,ACH-000153,NCIH2052,SIDM00713,ACH-000153,reference,
depmap_metadata,ACH-000154,HS888T,SIDM01746,ACH-000154,reference,
depmap_metadata,ACH-000155,SW1990,SIDM01165,ACH-000155,reference,
depmap_metadata,ACH-000156,MHHCALL4,SIDM00376,ACH-000156,reference,
depmap_metadata,ACH-000157,A4FUK,SIDM00502,ACH-000157,reference,
depmap_metadata,ACH-000158,OCILY3,nan,ACH-000158,reference,
depmap_metadata,ACH-000159,OSRC2,SIDM00239,ACH-000159,reference,
depmap_metadata,ACH-000160,BT12,nan,ACH-000160,reference,
depmap_metadata,ACH-000161,CORL105,SIDM00513,ACH-000161,reference,
depmap_metadata,ACH-000162,GA10,SIDM00854,ACH-000162,reference,
depmap_metadata,ACH-000163,SW579,SIDM01167,ACH-000163,reference,
depmap_metadata,ACH-000164,PANC1,SIDM00610,ACH-000164,reference,
depmap_metadata,ACH-000165,HS751T,SIDM01700,ACH-000165,reference,
depmap_metadata,ACH-000166,KASUMI6,nan,ACH-000166,reference,
depmap_metadata,ACH-000167,KE97,nan,ACH-000167,reference,
depmap_metadata,ACH-000168,NOMO1,SIDM00580,ACH-000168,reference,
depmap_metadata,ACH-000169,RD,SIDM00847,ACH-000169,reference,
depmap_metadata,ACH-000170,PRECLH,nan,ACH-000170,reference,
depmap_metadata,ACH-000171,VMRCRCZ,SIDM00317,ACH-000171,reference,
depmap_metadata,ACH-000172,TM87,nan,ACH-000172,reference,
depmap_metadata,ACH-000173,JHUEM3,nan,ACH-000173,reference,
depmap_metadata,ACH-000174,CAL62,SIDM00931,ACH-000174,reference,
depmap_metadata,ACH-000175,TE159T,SIDM01761,ACH-000175,reference,
depmap_metadata,ACH-000176,LOUNH91,SIDM00341,ACH-000176,reference,
depmap_metadata,ACH-000177,NCIH660,SIDM01123,ACH-000177,reference,
depmap_metadata,ACH-000178,HS766T,SIDM00664,ACH-000178,reference,
depmap_metadata,ACH-000179,NCIH1618,nan,ACH-000179,reference,
depmap_metadata,ACH-000180,HS839T,SIDM01724,ACH-000180,reference,
depmap_metadata,ACH-000181,SCC9,SIDM01080,ACH-000181,reference,
depmap_metadata,ACH-000182,SNU869,SIDM00159,ACH-000182,reference,
depmap_metadata,ACH-000183,L363,SIDM00312,ACH-000183,reference,
depmap_metadata,ACH-000184,HS343T,SIDM01590,ACH-000184,reference,
depmap_metadata,ACH-000185,HS737T,SIDM01703,ACH-000185,reference,
depmap_metadata,ACH-000186,NCIH2444,SIDM00723,ACH-000186,reference,
depmap_metadata,ACH-000187,CORL311,SIDM00509,ACH-000187,reference,
depmap_metadata,ACH-000188,SCC25,SIDM01082,ACH-000188,reference,
depmap_metadata,ACH-000189,RCC10RGB,SIDM00235,ACH-000189,reference,
depmap_metadata,ACH-000190,HDMYZ,SIDM01063,ACH-000190,reference,
depmap_metadata,ACH-000191,BHT101,SIDM00987,ACH-000191,reference,
depmap_metadata,ACH-000192,MFE280,SIDM00335,ACH-000192,reference,
depmap_metadata,ACH-000193,KARPAS620,SIDM01006,ACH-000193,reference,
depmap_metadata,ACH-000194,HS934T,nan,ACH-000194,reference,
depmap_metadata,ACH-000195,SET2,SIDM00397,ACH-000195,reference,
depmap_metadata,ACH-000196,HCC1599,SIDM00877,ACH-000196,reference,
depmap_metadata,ACH-000197,TALL1,SIDM00370,ACH-000197,reference,
depmap_metadata,ACH-000198,EOL1,SIDM00277,ACH-000198,reference,
depmap_metadata,ACH-000199,HS255T,SIDM01613,ACH-000199,reference,
depmap_metadata,ACH-000200,NMCG1,SIDM00575,ACH-000200,reference,
depmap_metadata,ACH-000201,A204,SIDM00798,ACH-000201,reference,
depmap_metadata,ACH-000202,COLO320,SIDM00071,ACH-000202,reference,
depmap_metadata,ACH-000203,NH6,nan,ACH-000203,reference,
depmap_metadata,ACH-000204,LP1,SIDM00340,ACH-000204,reference,
depmap_metadata,ACH-000205,PK59,nan,ACH-000205,reference,
depmap_metadata,ACH-000206,C8166,SIDM00072,ACH-000206,reference,
depmap_metadata,ACH-000207,DETROIT562,SIDM00831,ACH-000207,reference,
depmap_metadata,ACH-000208,U178,nan,ACH-000208,reference,
depmap_metadata,ACH-000209,SNU1079,SIDM00164,ACH-000209,reference,
depmap_metadata,ACH-000210,CADOES1,SIDM00961,ACH-000210,reference,
depmap_metadata,ACH-000211,DAOY,SIDM00887,ACH-000211,reference,
depmap_metadata,ACH-000212,CAL120,SIDM00940,ACH-000212,reference,
depmap_metadata,ACH-000213,HUPT4,SIDM00531,ACH-000213,reference,
depmap_metadata,ACH-000214,HS675T,SIDM01564,ACH-000214,reference,
depmap_metadata,ACH-000215,LN382,nan,ACH-000215,reference,
depmap_metadata,ACH-000216,JHESOAD1,nan,ACH-000216,reference,
depmap_metadata,ACH-000217,JHH6,SIDM00615,ACH-000217,reference,
depmap_metadata,ACH-000218,PL21,SIDM00450,ACH-000218,reference,
depmap_metadata,ACH-000219,A375,SIDM00795,ACH-000219,reference,
depmap_metadata,ACH-000220,MINO,nan,ACH-000220,reference,
depmap_metadata,ACH-000221,SNU398,SIDM01181,ACH-000221,reference,
depmap_metadata,ACH-000222,ASPC1,SIDM00899,ACH-000222,reference,
depmap_metadata,ACH-000223,HCC1937,SIDM00874,ACH-000223,reference,
depmap_metadata,ACH-000224,HS819T,SIDM01699,ACH-000224,reference,
depmap_metadata,ACH-000225,ECC12,SIDM00279,ACH-000225,reference,
depmap_metadata,ACH-000226,SUPM2,SIDM00421,ACH-000226,reference,
depmap_metadata,ACH-000227,KPNYN,SIDM00556,ACH-000227,reference,
depmap_metadata,ACH-000228,BICR31,SIDM00078,ACH-000228,reference,
depmap_metadata,ACH-000229,HS822T,nan,ACH-000229,reference,
depmap_metadata,ACH-000230,HS742T,SIDM01701,ACH-000230,reference,
depmap_metadata,ACH-000231,KALS1,SIDM00613,ACH-000231,reference,
depmap_metadata,ACH-000232,U251MG,SIDM00111,ACH-000232,reference,
depmap_metadata,ACH-000233,DEL,SIDM00949,ACH-000233,reference,
depmap_metadata,ACH-000234,CAKI2,nan,ACH-000234,reference,
depmap_metadata,ACH-000235,PANC0403,SIDM01137,ACH-000235,reference,
depmap_metadata,ACH-000236,SW1417,SIDM00812,ACH-000236,reference,
depmap_metadata,ACH-000237,JHOM1,nan,ACH-000237,reference,
depmap_metadata,ACH-000238,SCC4,SIDM01081,ACH-000238,reference,
depmap_metadata,ACH-000239,HUG1N,nan,ACH-000239,reference,
depmap_metadata,ACH-000240,HS600T,nan,ACH-000240,reference,
depmap_metadata,ACH-000241,JK1,nan,ACH-000241,reference,
depmap_metadata,ACH-000242,RT4,SIDM01085,ACH-000242,reference,
depmap_metadata,ACH-000243,DANG,SIDM00950,ACH-000243,reference,
depmap_metadata,ACH-000244,DKMG,SIDM00947,ACH-000244,reference,
depmap_metadata,ACH-000245,BL41,SIDM00985,ACH-000245,reference,
depmap_metadata,ACH-000246,SLR23,nan,ACH-000246,reference,
depmap_metadata,ACH-000247,OCUM1,SIDM00568,ACH-000247,reference,
depmap_metadata,ACH-000248,AU565,SIDM00898,ACH-000248,reference,
depmap_metadata,ACH-000249,CL11,SIDM00944,ACH-000249,reference,
depmap_metadata,ACH-000250,KMRC20,SIDM00609,ACH-000250,reference,
depmap_metadata,ACH-000251,NCIH2887,nan,ACH-000251,reference,
depmap_metadata,ACH-000252,LS1034,SIDM00681,ACH-000252,reference,
depmap_metadata,ACH-000253,COLO201,SIDM00823,ACH-000253,reference,
depmap_metadata,ACH-000254,SCC15,SIDM01083,ACH-000254,reference,
depmap_metadata,ACH-000255,LMSU,nan,ACH-000255,reference,
depmap_metadata,ACH-000256,COV318,nan,ACH-000256,reference,
depmap_metadata,ACH-000257,CORL279,SIDM00511,ACH-000257,reference,
depmap_metadata,ACH-000258,DU4475,SIDM01001,ACH-000258,reference,
depmap_metadata,ACH-000259,KELLY,SIDM01009,ACH-000259,reference,
depmap_metadata,ACH-000260,SKNAS,SIDM01101,ACH-000260,reference,
depmap_metadata,ACH-000261,RERFLCAI,SIDM00307,ACH-000261,reference,
depmap_metadata,ACH-000262,UOK101,nan,ACH-000262,reference,
depmap_metadata,ACH-000263,KASUMI1,SIDM01005,ACH-000263,reference,
depmap_metadata,ACH-000264,CALU6,SIDM00921,ACH-000264,reference,
depmap_metadata,ACH-000265,KP4,SIDM00301,ACH-000265,reference,
depmap_metadata,ACH-000266,SNU213,nan,ACH-000266,reference,
depmap_metadata,ACH-000267,HDLM2,SIDM01064,ACH-000267,reference,
depmap_metadata,ACH-000268,SNU245,SIDM00162,ACH-000268,reference,
depmap_metadata,ACH-000269,AM38,SIDM00492,ACH-000269,reference,
depmap_metadata,ACH-000270,HPAC,SIDM00670,ACH-000270,reference,
depmap_metadata,ACH-000271,SUDHL10,SIDM00389,ACH-000271,reference,
depmap_metadata,ACH-000272,SLR24,nan,ACH-000272,reference,
depmap_metadata,ACH-000273,SF539,SIDM00083,ACH-000273,reference,
depmap_metadata,ACH-000274,HS852T,nan,ACH-000274,reference,
depmap_metadata,ACH-000275,HS834T,SIDM01709,ACH-000275,reference,
depmap_metadata,ACH-000276,HCC38,SIDM00675,ACH-000276,reference,
depmap_metadata,ACH-000277,HCC1419,SIDM00882,ACH-000277,reference,
depmap_metadata,ACH-000278,COV362,nan,ACH-000278,reference,
depmap_metadata,ACH-000279,EWS502,nan,ACH-000279,reference,
depmap_metadata,ACH-000280,SNU840,nan,ACH-000280,reference,
depmap_metadata,ACH-000281,KP2,SIDM00582,ACH-000281,reference,
depmap_metadata,ACH-000282,NCIH1755,SIDM00738,ACH-000282,reference,
depmap_metadata,ACH-000283,A1207,nan,ACH-000283,reference,
depmap_metadata,ACH-000284,HS840T,SIDM01725,ACH-000284,reference,
depmap_metadata,ACH-000285,TOLEDO,nan,ACH-000285,reference,
depmap_metadata,ACH-000286,SNU1033,SIDM00192,ACH-000286,reference,
depmap_metadata,ACH-000287,NUDUL1,SIDM00443,ACH-000287,reference,
depmap_metadata,ACH-000288,BT549,SIDM00122,ACH-000288,reference,
depmap_metadata,ACH-000289,SNU466,nan,ACH-000289,reference,
depmap_metadata,ACH-000290,NCIH209,SIDM00706,ACH-000290,reference,
depmap_metadata,ACH-000291,OV90,SIDM01141,ACH-000291,reference,
depmap_metadata,ACH-000292,NCIH841,SIDM01134,ACH-000292,reference,
depmap_metadata,ACH-000293,KLE,SIDM00686,ACH-000293,reference,
depmap_metadata,ACH-000294,NB4,SIDM00428,ACH-000294,reference,
depmap_metadata,ACH-000295,EM2,SIDM01047,ACH-000295,reference,
depmap_metadata,ACH-000296,OUMS23,SIDM00036,ACH-000296,reference,
depmap_metadata,ACH-000297,NCIH889,nan,ACH-000297,reference,
depmap_metadata,ACH-000298,NCIH2029,SIDM00735,ACH-000298,reference,
depmap_metadata,ACH-000299,HNT34,nan,ACH-000299,reference,
depmap_metadata,ACH-000300,SLR25,nan,ACH-000300,reference,
depmap_metadata,ACH-000301,LAMA84,SIDM00346,ACH-000301,reference,
depmap_metadata,ACH-000302,SNU1077,SIDM00166,ACH-000302,reference,
depmap_metadata,ACH-000303,SNU5,SIDM01144,ACH-000303,reference,
depmap_metadata,ACH-000304,WM115,SIDM01000,ACH-000304,reference,
depmap_metadata,ACH-000305,ECGI10,SIDM00278,ACH-000305,reference,
depmap_metadata,ACH-000306,HS688AT,nan,ACH-000306,reference,
depmap_metadata,ACH-000307,PK1,nan,ACH-000307,reference,
depmap_metadata,ACH-000308,EFO21,SIDM01052,ACH-000308,reference,
depmap_metadata,ACH-000309,SKLU1,SIDM01108,ACH-000309,reference,
depmap_metadata,ACH-000310,IMR32,SIDM00226,ACH-000310,reference,
depmap_metadata,ACH-000311,NCIH2122,SIDM00702,ACH-000311,reference,
depmap_metadata,ACH-000312,SKNBE2,SIDM00894,ACH-000312,reference,
depmap_metadata,ACH-000313,KMRC3,nan,ACH-000313,reference,
depmap_metadata,ACH-000314,HCC2108,nan,ACH-000314,reference,
depmap_metadata,ACH-000315,KARPAS422,SIDM01008,ACH-000315,reference,
depmap_metadata,ACH-000316,SNU886,nan,ACH-000316,reference,
depmap_metadata,ACH-000317,TUHR14TKB,nan,ACH-000317,reference,
depmap_metadata,ACH-000318,TE10,SIDM00349,ACH-000318,reference,
depmap_metadata,ACH-000319,MPP89,SIDM00222,ACH-000319,reference,
depmap_metadata,ACH-000320,PSN1,SIDM00469,ACH-000320,reference,
depmap_metadata,ACH-000321,MOLM6,nan,ACH-000321,reference,
depmap_metadata,ACH-000322,HT144,SIDM00695,ACH-000322,reference,
depmap_metadata,ACH-000323,42MGBA,SIDM00982,ACH-000323,reference,
depmap_metadata,ACH-000324,JHOC5,nan,ACH-000324,reference,
depmap_metadata,ACH-000325,SNU620,nan,ACH-000325,reference,
depmap_metadata,ACH-000326,JURLMK1,SIDM01015,ACH-000326,reference,
depmap_metadata,ACH-000327,NCIH1395,SIDM00644,ACH-000327,reference,
depmap_metadata,ACH-000328,LN215,nan,ACH-000328,reference,
depmap_metadata,ACH-000329,CCFSTTG1,SIDM00131,ACH-000329,reference,
depmap_metadata,ACH-000330,EFM19,SIDM01056,ACH-000330,reference,
depmap_metadata,ACH-000331,ISTMES2,nan,ACH-000331,reference,
depmap_metadata,ACH-000332,YAPC,SIDM00411,ACH-000332,reference,
depmap_metadata,ACH-000333,JHOM2B,nan,ACH-000333,reference,
depmap_metadata,ACH-000334,DB,SIDM00886,ACH-000334,reference,
depmap_metadata,ACH-000335,MSTO211H,SIDM00640,ACH-000335,reference,
depmap_metadata,ACH-000336,OCIAML3,SIDM00462,ACH-000336,reference,
depmap_metadata,ACH-000337,NCIH3122,SIDM00137,ACH-000337,reference,
depmap_metadata,ACH-000338,SR786,SIDM00096,ACH-000338,reference,
depmap_metadata,ACH-000339,HCC461,nan,ACH-000339,reference,
depmap_metadata,ACH-000340,HS870T,SIDM01749,ACH-000340,reference,
depmap_metadata,ACH-000341,SKNFI,SIDM01099,ACH-000341,reference,
depmap_metadata,ACH-000342,CL14,nan,ACH-000342,reference,
depmap_metadata,ACH-000343,NCIH522,SIDM00116,ACH-000343,reference,
depmap_metadata,ACH-000344,SNU668,nan,ACH-000344,reference,
depmap_metadata,ACH-000345,KPNRTBM1,SIDM00557,ACH-000345,reference,
depmap_metadata,ACH-000346,JVM3,SIDM01012,ACH-000346,reference,
depmap_metadata,ACH-000347,QGP1,SIDM00360,ACH-000347,reference,
depmap_metadata,ACH-000348,RPMI7951,SIDM01087,ACH-000348,reference,
depmap_metadata,ACH-000349,HCC1500,SIDM00879,ACH-000349,reference,
depmap_metadata,ACH-000350,COLO678,SIDM00957,ACH-000350,reference,
depmap_metadata,ACH-000351,MKN1,SIDM00271,ACH-000351,reference,
depmap_metadata,ACH-000352,HCC1428,SIDM00881,ACH-000352,reference,
depmap_metadata,ACH-000353,TE15,SIDM00249,ACH-000353,reference,
depmap_metadata,ACH-000354,CAPAN1,SIDM00934,ACH-000354,reference,
depmap_metadata,ACH-000355,NCIH82,SIDM01131,ACH-000355,reference,
depmap_metadata,ACH-000356,MKN45,SIDM00247,ACH-000356,reference,
depmap_metadata,ACH-000357,JEKO1,SIDM01038,ACH-000357,reference,
depmap_metadata,ACH-000358,NCIH69,SIDM01121,ACH-000358,reference,
depmap_metadata,ACH-000359,MG63,SIDM00525,ACH-000359,reference,
depmap_metadata,ACH-000360,NCIH508,SIDM00777,ACH-000360,reference,
depmap_metadata,ACH-000361,SKHEP1,SIDM01110,ACH-000361,reference,
depmap_metadata,ACH-000362,MOLM13,SIDM00437,ACH-000362,reference,
depmap_metadata,ACH-000363,SKMM2,SIDM00391,ACH-000363,reference,
depmap_metadata,ACH-000364,U2OS,SIDM01191,ACH-000364,reference,
depmap_metadata,ACH-000365,SUDHL4,SIDM00405,ACH-000365,reference,
depmap_metadata,ACH-000366,SKNDZ,SIDM01100,ACH-000366,reference,
depmap_metadata,ACH-000367,NCIH226,SIDM00139,ACH-000367,reference,
depmap_metadata,ACH-000368,SNU1105,nan,ACH-000368,reference,
depmap_metadata,ACH-000369,MOLM16,SIDM00435,ACH-000369,reference,
depmap_metadata,ACH-000370,SNU626,nan,ACH-000370,reference,
depmap_metadata,ACH-000371,RL,SIDM01089,ACH-000371,reference,
depmap_metadata,ACH-000372,P12ICHIKAWA,SIDM00463,ACH-000372,reference,
depmap_metadata,ACH-000373,SKM1,SIDM00380,ACH-000373,reference,
depmap_metadata,ACH-000374,HCC1143,SIDM00866,ACH-000374,reference,
depmap_metadata,ACH-000375,G402,SIDM00855,ACH-000375,reference,
depmap_metadata,ACH-000376,SF295,SIDM00084,ACH-000376,reference,
depmap_metadata,ACH-000377,SNU478,SIDM00160,ACH-000377,reference,
depmap_metadata,ACH-000378,NCIH647,SIDM01125,ACH-000378,reference,
depmap_metadata,ACH-000379,NCIH1781,SIDM00754,ACH-000379,reference,
depmap_metadata,ACH-000380,KMS12BM,SIDM01020,ACH-000380,reference,
depmap_metadata,ACH-000381,T84,SIDM00782,ACH-000381,reference,
depmap_metadata,ACH-000382,CORL24,nan,ACH-000382,reference,
depmap_metadata,ACH-000383,OE33,SIDM00477,ACH-000383,reference,
depmap_metadata,ACH-000384,SW780,SIDM01160,ACH-000384,reference,
depmap_metadata,ACH-000385,SKRC52,nan,ACH-000385,reference,
depmap_metadata,ACH-000386,KG1,SIDM00785,ACH-000386,reference,
depmap_metadata,ACH-000387,TF1,nan,ACH-000387,reference,
depmap_metadata,ACH-000388,NUDHL1,nan,ACH-000388,reference,
depmap_metadata,ACH-000389,H4,SIDM00852,ACH-000389,reference,
depmap_metadata,ACH-000390,LUDLU1,nan,ACH-000390,reference,
depmap_metadata,ACH-000391,MHHES1,SIDM00386,ACH-000391,reference,
depmap_metadata,ACH-000392,CALU3,SIDM00922,ACH-000392,reference,
depmap_metadata,ACH-000393,HLF,SIDM00065,ACH-000393,reference,
depmap_metadata,ACH-000394,NCIH2081,SIDM00710,ACH-000394,reference,
depmap_metadata,ACH-000395,NCIH520,SIDM01130,ACH-000395,reference,
depmap_metadata,ACH-000396,J82,SIDM00693,ACH-000396,reference,
depmap_metadata,ACH-000397,TEN,nan,ACH-000397,reference,
depmap_metadata,ACH-000398,RI1,nan,ACH-000398,reference,
depmap_metadata,ACH-000399,NCIH2196,SIDM00731,ACH-000399,reference,
depmap_metadata,ACH-000400,SKCO1,SIDM01096,ACH-000400,reference,
depmap_metadata,ACH-000401,COLO800,SIDM00515,ACH-000401,reference,
depmap_metadata,ACH-000402,BL70,SIDM00074,ACH-000402,reference,
depmap_metadata,ACH-000403,NCIH747,SIDM00778,ACH-000403,reference,
depmap_metadata,ACH-000404,K029AX,nan,ACH-000404,reference,
depmap_metadata,ACH-000405,MEC1,SIDM00001,ACH-000405,reference,
depmap_metadata,ACH-000406,U937,SIDM01195,ACH-000406,reference,
depmap_metadata,ACH-000407,SNU685,SIDM00165,ACH-000407,reference,
depmap_metadata,ACH-000408,TE5,SIDM00347,ACH-000408,reference,
depmap_metadata,ACH-000409,OVSAHO,nan,ACH-000409,reference,
depmap_metadata,ACH-000410,SAOS2,SIDM01084,ACH-000410,reference,
depmap_metadata,ACH-000411,769P,SIDM00803,ACH-000411,reference,
depmap_metadata,ACH-000412,SNU1197,SIDM00171,ACH-000412,reference,
depmap_metadata,ACH-000413,HS739T,SIDM01702,ACH-000413,reference,
depmap_metadata,ACH-000414,NCIH1944,SIDM00762,ACH-000414,reference,
depmap_metadata,ACH-000415,BICR6,nan,ACH-000415,reference,
depmap_metadata,ACH-000416,NCIH838,SIDM01150,ACH-000416,reference,
depmap_metadata,ACH-000417,PANC0813,SIDM01136,ACH-000417,reference,
depmap_metadata,ACH-000418,SW1353,nan,ACH-000418,reference,
depmap_metadata,ACH-000419,KMS28BM,nan,ACH-000419,reference,
depmap_metadata,ACH-000420,SNU449,SIDM01194,ACH-000420,reference,
depmap_metadata,ACH-000421,SW837,SIDM00833,ACH-000421,reference,
depmap_metadata,ACH-000422,SNU475,SIDM01196,ACH-000422,reference,
depmap_metadata,ACH-000423,SKMEL3,SIDM01105,ACH-000423,reference,
depmap_metadata,ACH-000424,TC71,SIDM00419,ACH-000424,reference,
depmap_metadata,ACH-000425,UACC62,SIDM00107,ACH-000425,reference,
depmap_metadata,ACH-000426,KMS20,nan,ACH-000426,reference,
depmap_metadata,ACH-000427,NCIN87,SIDM01147,ACH-000427,reference,
depmap_metadata,ACH-000428,UO31,SIDM00112,ACH-000428,reference,
depmap_metadata,ACH-000429,A704,SIDM00849,ACH-000429,reference,
depmap_metadata,ACH-000430,TYKNU,SIDM00321,ACH-000430,reference,
depmap_metadata,ACH-000431,NCIH1694,SIDM00741,ACH-000431,reference,
depmap_metadata,ACH-000432,BV173,SIDM00962,ACH-000432,reference,
depmap_metadata,ACH-000433,CAKI1,SIDM00941,ACH-000433,reference,
depmap_metadata,ACH-000434,NCIH1915,SIDM00763,ACH-000434,reference,
depmap_metadata,ACH-000435,EFE184,nan,ACH-000435,reference,
depmap_metadata,ACH-000436,OCIMY7,nan,ACH-000436,reference,
depmap_metadata,ACH-000437,SW1088,SIDM01155,ACH-000437,reference,
depmap_metadata,ACH-000438,LU65,SIDM00547,ACH-000438,reference,
depmap_metadata,ACH-000439,ME1,SIDM00338,ACH-000439,reference,
depmap_metadata,ACH-000440,CA46,SIDM00907,ACH-000440,reference,
depmap_metadata,ACH-000441,SH4,SIDM01079,ACH-000441,reference,
depmap_metadata,ACH-000442,RERFLCSQ1,SIDM00354,ACH-000442,reference,
depmap_metadata,ACH-000443,OVKATE,SIDM00466,ACH-000443,reference,
depmap_metadata,ACH-000444,LU99,SIDM00546,ACH-000444,reference,
depmap_metadata,ACH-000445,KNS60,nan,ACH-000445,reference,
depmap_metadata,ACH-000446,KPNSI9S,nan,ACH-000446,reference,
depmap_metadata,ACH-000447,NCIH2228,SIDM00729,ACH-000447,reference,
depmap_metadata,ACH-000448,NCIH1666,SIDM00743,ACH-000448,reference,
depmap_metadata,ACH-000449,MESSA,SIDM00625,ACH-000449,reference,
depmap_metadata,ACH-000450,MELHO,SIDM00337,ACH-000450,reference,
depmap_metadata,ACH-000451,NCIH2085,SIDM00709,ACH-000451,reference,
depmap_metadata,ACH-000452,TE8,SIDM00326,ACH-000452,reference,
depmap_metadata,ACH-000453,MOLP2,nan,ACH-000453,reference,
depmap_metadata,ACH-000454,HCC95,nan,ACH-000454,reference,
depmap_metadata,ACH-000455,LN428,nan,ACH-000455,reference,
depmap_metadata,ACH-000456,BCPAP,SIDM00992,ACH-000456,reference,
depmap_metadata,ACH-000457,CAL54,SIDM00932,ACH-000457,reference,
depmap_metadata,ACH-000458,CJM,nan,ACH-000458,reference,
depmap_metadata,ACH-000459,TUHR10TKB,nan,ACH-000459,reference,
depmap_metadata,ACH-000460,SNU8,nan,ACH-000460,reference,
depmap_metadata,ACH-000461,SNU1196,SIDM00163,ACH-000461,reference,
depmap_metadata,ACH-000462,NALM1,nan,ACH-000462,reference,
depmap_metadata,ACH-000463,NCIH460,SIDM00144,ACH-000463,reference,
depmap_metadata,ACH-000464,CAS1,SIDM00212,ACH-000464,reference,
depmap_metadata,ACH-000465,SKMEL1,SIDM01107,ACH-000465,reference,
depmap_metadata,ACH-000466,SNU216,nan,ACH-000466,reference,
depmap_metadata,ACH-000467,HCC56,SIDM00597,ACH-000467,reference,
depmap_metadata,ACH-000468,PK45H,nan,ACH-000468,reference,
depmap_metadata,ACH-000469,YH13,SIDM00316,ACH-000469,reference,
depmap_metadata,ACH-000470,SW1463,SIDM00834,ACH-000470,reference,
depmap_metadata,ACH-000471,LI7,nan,ACH-000471,reference,
depmap_metadata,ACH-000472,HSC2,SIDM00590,ACH-000472,reference,
depmap_metadata,ACH-000473,RT112,SIDM00402,ACH-000473,reference,
depmap_metadata,ACH-000475,HUH1,SIDM00586,ACH-000475,reference,
depmap_metadata,ACH-000476,JHH4,SIDM00616,ACH-000476,reference,
depmap_metadata,ACH-000477,MALME3M,SIDM00011,ACH-000477,reference,
depmap_metadata,ACH-000478,SNU387,SIDM01180,ACH-000478,reference,
depmap_metadata,ACH-000479,KNS81,SIDM00605,ACH-000479,reference,
depmap_metadata,ACH-000480,HUH7,SIDM00585,ACH-000480,reference,
depmap_metadata,ACH-000481,NCIH2170,SIDM00716,ACH-000481,reference,
depmap_metadata,ACH-000482,RERFLCKJ,SIDM00356,ACH-000482,reference,
depmap_metadata,ACH-000483,SNU182,SIDM01151,ACH-000483,reference,
depmap_metadata,ACH-000484,VMRCRCW,SIDM00318,ACH-000484,reference,
depmap_metadata,ACH-000485,GSU,nan,ACH-000485,reference,
depmap_metadata,ACH-000486,KU1919,SIDM01033,ACH-000486,reference,
depmap_metadata,ACH-000487,F36P,nan,ACH-000487,reference,
depmap_metadata,ACH-000488,TE11,SIDM00348,ACH-000488,reference,
depmap_metadata,ACH-000489,SW1116,SIDM00835,ACH-000489,reference,
depmap_metadata,ACH-000490,SF767,SIDM00626,ACH-000490,reference,
depmap_metadata,ACH-000491,NCIH716,SIDM00779,ACH-000491,reference,
depmap_metadata,ACH-000492,MUTZ5,SIDM01689,ACH-000492,reference,
depmap_metadata,ACH-000493,SNU423,SIDM01199,ACH-000493,reference,
depmap_metadata,ACH-000494,OELE,nan,ACH-000494,reference,
depmap_metadata,ACH-000495,TUHR4TKB,nan,ACH-000495,reference,
depmap_metadata,ACH-000496,NCIH1792,SIDM00771,ACH-000496,reference,
depmap_metadata,ACH-000498,KO52,SIDM00018,ACH-000498,reference,
depmap_metadata,ACH-000499,EW8,nan,ACH-000499,reference,
depmap_metadata,ACH-000500,SNU46,nan,ACH-000500,reference,
depmap_metadata,ACH-000501,LS123,SIDM00776,ACH-000501,reference,
depmap_metadata,ACH-000502,TCCPAN2,nan,ACH-000502,reference,
depmap_metadata,ACH-000503,BICR16,nan,ACH-000503,reference,
depmap_metadata,ACH-000504,SNB75,SIDM00095,ACH-000504,reference,
depmap_metadata,ACH-000505,RKN,SIDM00353,ACH-000505,reference,
depmap_metadata,ACH-000506,NCIH146,SIDM00698,ACH-000506,reference,
depmap_metadata,ACH-000507,KE39,nan,ACH-000507,reference,
depmap_metadata,ACH-000508,CORL88,SIDM00506,ACH-000508,reference,
depmap_metadata,ACH-000509,HUT78,SIDM00851,ACH-000509,reference,
depmap_metadata,ACH-000510,NCIH1299,SIDM00649,ACH-000510,reference,
depmap_metadata,ACH-000511,CALU1,nan,ACH-000511,reference,
depmap_metadata,ACH-000512,INA6,nan,ACH-000512,reference,
depmap_metadata,ACH-000513,SNU1272,SIDM01335,ACH-000513,reference,
depmap_metadata,ACH-000514,NCIH1092,SIDM00653,ACH-000514,reference,
depmap_metadata,ACH-000515,HCC33,SIDM01071,ACH-000515,reference,
depmap_metadata,ACH-000516,CAL78,SIDM00929,ACH-000516,reference,
depmap_metadata,ACH-000517,SNU410,nan,ACH-000517,reference,
depmap_metadata,ACH-000518,CAL33,SIDM00942,ACH-000518,reference,
depmap_metadata,ACH-000519,PEER,SIDM00991,ACH-000519,reference,
depmap_metadata,ACH-000520,59M,nan,ACH-000520,reference,
depmap_metadata,ACH-000521,NCIH2030,SIDM00715,ACH-000521,reference,
depmap_metadata,ACH-000522,UMUC3,SIDM01182,ACH-000522,reference,
depmap_metadata,ACH-000523,NCIH1184,nan,ACH-000523,reference,
depmap_metadata,ACH-000524,KURAMOCHI,SIDM00554,ACH-000524,reference,
depmap_metadata,ACH-000525,NCIH2171,SIDM00733,ACH-000525,reference,
depmap_metadata,ACH-000526,HS821T,SIDM01698,ACH-000526,reference,
depmap_metadata,ACH-000527,OVISE,SIDM00564,ACH-000527,reference,
depmap_metadata,ACH-000528,ABC1,SIDM00494,ACH-000528,reference,
depmap_metadata,ACH-000529,T173,nan,ACH-000529,reference,
depmap_metadata,ACH-000530,DMS114,SIDM00865,ACH-000530,reference,
depmap_metadata,ACH-000531,RS5,SIDM01772,ACH-000531,reference,
depmap_metadata,ACH-000532,SNU61,SIDM00194,ACH-000532,reference,
depmap_metadata,ACH-000533,NCIH2004RT,nan,ACH-000533,reference,
depmap_metadata,ACH-000534,WSUDLCL2,SIDM00413,ACH-000534,reference,
depmap_metadata,ACH-000535,BXPC3,SIDM00132,ACH-000535,reference,
depmap_metadata,ACH-000536,BT20,SIDM00893,ACH-000536,reference,
depmap_metadata,ACH-000537,SNU761,nan,ACH-000537,reference,
depmap_metadata,ACH-000538,HUTU80,SIDM00694,ACH-000538,reference,
depmap_metadata,ACH-000539,HS618T,nan,ACH-000539,reference,
depmap_metadata,ACH-000540,HS606T,SIDM01591,ACH-000540,reference,
depmap_metadata,ACH-000541,KMS34,nan,ACH-000541,reference,
depmap_metadata,ACH-000542,HEYA8,SIDM01215,ACH-000542,reference,
depmap_metadata,ACH-000543,SNU489,nan,ACH-000543,reference,
depmap_metadata,ACH-000544,OE21,SIDM00478,ACH-000544,reference,
depmap_metadata,ACH-000545,VMCUB1,SIDM00414,ACH-000545,reference,
depmap_metadata,ACH-000546,HSC4,SIDM00588,ACH-000546,reference,
depmap_metadata,ACH-000547,HT1197,SIDM00676,ACH-000547,reference,
depmap_metadata,ACH-000548,BHY,SIDM00986,ACH-000548,reference,
depmap_metadata,ACH-000549,SNU1076,SIDM00168,ACH-000549,reference,
depmap_metadata,ACH-000550,IGR39,SIDM01065,ACH-000550,reference,
depmap_metadata,ACH-000551,K562,SIDM00791,ACH-000551,reference,
depmap_metadata,ACH-000552,HT29,SIDM00136,ACH-000552,reference,
depmap_metadata,ACH-000553,SQ1,nan,ACH-000553,reference,
depmap_metadata,ACH-000554,UACC893,SIDM01186,ACH-000554,reference,
depmap_metadata,ACH-000555,A498,SIDM00124,ACH-000555,reference,
depmap_metadata,ACH-000556,SIHA,SIDM01093,ACH-000556,reference,
depmap_metadata,ACH-000557,AML193,nan,ACH-000557,reference,
depmap_metadata,ACH-000558,A172,SIDM00799,ACH-000558,reference,
depmap_metadata,ACH-000559,NCIH1836,SIDM00770,ACH-000559,reference,
depmap_metadata,ACH-000560,ECC10,SIDM00280,ACH-000560,reference,
depmap_metadata,ACH-000561,TDOTT,SIDM00322,ACH-000561,reference,
depmap_metadata,ACH-000562,HCC78,SIDM01068,ACH-000562,reference,
depmap_metadata,ACH-000563,EBC1,SIDM00486,ACH-000563,reference,
depmap_metadata,ACH-000564,KHM1B,nan,ACH-000564,reference,
depmap_metadata,ACH-000565,RCM1,SIDM00359,ACH-000565,reference,
depmap_metadata,ACH-000566,SW1710,SIDM00420,ACH-000566,reference,
depmap_metadata,ACH-000567,ST486,SIDM01198,ACH-000567,reference,
depmap_metadata,ACH-000568,UACC812,SIDM01187,ACH-000568,reference,
depmap_metadata,ACH-000569,ISTMES1,SIDM00224,ACH-000569,reference,
depmap_metadata,ACH-000570,YKG1,SIDM00315,ACH-000570,reference,
depmap_metadata,ACH-000571,T98G,SIDM01171,ACH-000571,reference,
depmap_metadata,ACH-000572,G361,SIDM00857,ACH-000572,reference,
depmap_metadata,ACH-000573,MDAMB436,SIDM00629,ACH-000573,reference,
depmap_metadata,ACH-000574,FUOV1,SIDM01040,ACH-000574,reference,
depmap_metadata,ACH-000575,HCC364,nan,ACH-000575,reference,
depmap_metadata,ACH-000576,KMS27,nan,ACH-000576,reference,
depmap_metadata,ACH-000577,JHH2,SIDM00617,ACH-000577,reference,
depmap_metadata,ACH-000578,HCC1171,nan,ACH-000578,reference,
depmap_metadata,ACH-000579,UACC257,SIDM00108,ACH-000579,reference,
depmap_metadata,ACH-000580,C32,SIDM00890,ACH-000580,reference,
depmap_metadata,ACH-000581,SNU16,SIDM01145,ACH-000581,reference,
depmap_metadata,ACH-000582,COLO741,nan,ACH-000582,reference,
depmap_metadata,ACH-000583,MC116,SIDM00637,ACH-000583,reference,
depmap_metadata,ACH-000584,JHOS4,SIDM00303,ACH-000584,reference,
depmap_metadata,ACH-000585,EPLC272H,SIDM01044,ACH-000585,reference,
depmap_metadata,ACH-000586,NCIH1876,SIDM00766,ACH-000586,reference,
depmap_metadata,ACH-000587,NCIH1975,SIDM00759,ACH-000587,reference,
depmap_metadata,ACH-000588,KMS26,nan,ACH-000588,reference,
depmap_metadata,ACH-000589,NCIH1437,SIDM00734,ACH-000589,reference,
depmap_metadata,ACH-000590,NCIH2073,SIDM00757,ACH-000590,reference,
depmap_metadata,ACH-000591,LN235,nan,ACH-000591,reference,
depmap_metadata,ACH-000592,TM31,nan,ACH-000592,reference,
depmap_metadata,ACH-000593,BC3C,nan,ACH-000593,reference,
depmap_metadata,ACH-000594,DMS153,nan,ACH-000594,reference,
depmap_metadata,ACH-000595,LN229,SIDM00684,ACH-000595,reference,
depmap_metadata,ACH-000596,LCLC97TM1,SIDM00344,ACH-000596,reference,
depmap_metadata,ACH-000597,TTC709,nan,ACH-000597,reference,
depmap_metadata,ACH-000598,KMS21BM,nan,ACH-000598,reference,
depmap_metadata,ACH-000599,PATU8902,SIDM00455,ACH-000599,reference,
depmap_metadata,ACH-000600,SLR26,nan,ACH-000600,reference,
depmap_metadata,ACH-000601,MIAPACA2,SIDM00505,ACH-000601,reference,
depmap_metadata,ACH-000602,M07E,nan,ACH-000602,reference,
depmap_metadata,ACH-000603,BEN,SIDM00990,ACH-000603,reference,
depmap_metadata,ACH-000604,KYO1,nan,ACH-000604,reference,
depmap_metadata,ACH-000605,TE6,SIDM00328,ACH-000605,reference,
depmap_metadata,ACH-000606,PECAPJ34CLONEC12,nan,ACH-000606,reference,
depmap_metadata,ACH-000607,KYM1,SIDM00552,ACH-000607,reference,
depmap_metadata,ACH-000608,COV644,nan,ACH-000608,reference,
depmap_metadata,ACH-000609,SF126,SIDM00382,ACH-000609,reference,
depmap_metadata,ACH-000610,NCIH2227,SIDM00730,ACH-000610,reference,
depmap_metadata,ACH-000611,SUDHL6,SIDM00407,ACH-000611,reference,
depmap_metadata,ACH-000612,HUT102,SIDM01734,ACH-000612,reference,
depmap_metadata,ACH-000613,HOS,SIDM00806,ACH-000613,reference,
depmap_metadata,ACH-000614,RVH421,SIDM00401,ACH-000614,reference,
depmap_metadata,ACH-000615,SKMEL28,SIDM00081,ACH-000615,reference,
depmap_metadata,ACH-000616,HS746T,SIDM00665,ACH-000616,reference,
depmap_metadata,ACH-000617,OVCAR4,SIDM00092,ACH-000617,reference,
depmap_metadata,ACH-000618,SNU1041,SIDM00173,ACH-000618,reference,
depmap_metadata,ACH-000619,PECAPJ15,SIDM00473,ACH-000619,reference,
depmap_metadata,ACH-000620,JHH1,SIDM00618,ACH-000620,reference,
depmap_metadata,ACH-000621,MDAMB157,SIDM00529,ACH-000621,reference,
depmap_metadata,ACH-000622,KNS42,SIDM00607,ACH-000622,reference,
depmap_metadata,ACH-000623,SNU201,SIDM00158,ACH-000623,reference,
depmap_metadata,ACH-000624,HCC1806,SIDM00875,ACH-000624,reference,
depmap_metadata,ACH-000625,HEP3B217,SIDM00672,ACH-000625,reference,
depmap_metadata,ACH-000626,U266B1,SIDM00417,ACH-000626,reference,
depmap_metadata,ACH-000627,LCLC103H,SIDM00345,ACH-000627,reference,
depmap_metadata,ACH-000628,NCIH596,SIDM01127,ACH-000628,reference,
depmap_metadata,ACH-000629,IOMMLEE,nan,ACH-000629,reference,
depmap_metadata,ACH-000630,YD8,nan,ACH-000630,reference,
depmap_metadata,ACH-000631,KS1,SIDM00555,ACH-000631,reference,
depmap_metadata,ACH-000632,HS944T,SIDM00063,ACH-000632,reference,
depmap_metadata,ACH-000633,FU97,SIDM00503,ACH-000633,reference,
depmap_metadata,ACH-000634,LN340,nan,ACH-000634,reference,
depmap_metadata,ACH-000635,SNU119,nan,ACH-000635,reference,
depmap_metadata,ACH-000636,RPMI8402,SIDM00403,ACH-000636,reference,
depmap_metadata,ACH-000637,KYSE520,SIDM01025,ACH-000637,reference,
depmap_metadata,ACH-000638,NCIH441,SIDM00925,ACH-000638,reference,
depmap_metadata,ACH-000639,NCIH211,SIDM00704,ACH-000639,reference,
depmap_metadata,ACH-000640,SKMEL31,SIDM01104,ACH-000640,reference,
depmap_metadata,ACH-000641,CMK,SIDM00959,ACH-000641,reference,
depmap_metadata,ACH-000642,HMEL,nan,ACH-000642,reference,
depmap_metadata,ACH-000643,HDQP1,SIDM01062,ACH-000643,reference,
depmap_metadata,ACH-000644,COLO829,SIDM00909,ACH-000644,reference,
depmap_metadata,ACH-000645,JL1,nan,ACH-000645,reference,
depmap_metadata,ACH-000646,OVMANA,nan,ACH-000646,reference,
depmap_metadata,ACH-000647,TE1,SIDM00369,ACH-000647,reference,
depmap_metadata,ACH-000648,NCIH28,SIDM00720,ACH-000648,reference,
depmap_metadata,ACH-000649,786O,SIDM00125,ACH-000649,reference,
depmap_metadata,ACH-000650,IGR37,SIDM01066,ACH-000650,reference,
depmap_metadata,ACH-000651,SW620,SIDM00841,ACH-000651,reference,
depmap_metadata,ACH-000652,SUIT2,SIDM00371,ACH-000652,reference,
depmap_metadata,ACH-000653,JJN3,SIDM01036,ACH-000653,reference,
depmap_metadata,ACH-000654,RAJI,SIDM00844,ACH-000654,reference,
depmap_metadata,ACH-000655,SF268,SIDM00085,ACH-000655,reference,
depmap_metadata,ACH-000656,SUDHL8,SIDM00423,ACH-000656,reference,
depmap_metadata,ACH-000657,A2780,SIDM00210,ACH-000657,reference,
depmap_metadata,ACH-000658,KMS18,nan,ACH-000658,reference,
depmap_metadata,ACH-000659,SCLC21H,SIDM00029,ACH-000659,reference,
depmap_metadata,ACH-000660,SUDHL5,SIDM00406,ACH-000660,reference,
depmap_metadata,ACH-000661,WM1799,nan,ACH-000661,reference,
depmap_metadata,ACH-000662,CORL23,SIDM00512,ACH-000662,reference,
depmap_metadata,ACH-000663,OVTOKO,SIDM00425,ACH-000663,reference,
depmap_metadata,ACH-000664,SUDHL1,SIDM00390,ACH-000664,reference,
depmap_metadata,ACH-000665,SKMES1,SIDM01103,ACH-000665,reference,
depmap_metadata,ACH-000666,NCIH1355,SIDM00645,ACH-000666,reference,
depmap_metadata,ACH-000667,HCC44,SIDM01069,ACH-000667,reference,
depmap_metadata,ACH-000668,HCC70,SIDM00673,ACH-000668,reference,
depmap_metadata,ACH-000669,SW900,SIDM01158,ACH-000669,reference,
depmap_metadata,ACH-000670,SBC5,SIDM00368,ACH-000670,reference,
depmap_metadata,ACH-000671,HUH6,SIDM00062,ACH-000671,reference,
depmap_metadata,ACH-000672,IALM,SIDM00306,ACH-000672,reference,
depmap_metadata,ACH-000673,LN443,nan,ACH-000673,reference,
depmap_metadata,ACH-000674,NUGC4,SIDM00570,ACH-000674,reference,
depmap_metadata,ACH-000675,NCIH1734,SIDM00739,ACH-000675,reference,
depmap_metadata,ACH-000676,LN464,SIDM00058,ACH-000676,reference,
depmap_metadata,ACH-000677,SW1573,SIDM01163,ACH-000677,reference,
depmap_metadata,ACH-000678,MKN7,SIDM00560,ACH-000678,reference,
depmap_metadata,ACH-000679,OE19,SIDM00479,ACH-000679,reference,
depmap_metadata,ACH-000680,SW948,SIDM00832,ACH-000680,reference,
depmap_metadata,ACH-000681,A549,SIDM00903,ACH-000681,reference,
depmap_metadata,ACH-000682,SNU1066,SIDM00170,ACH-000682,reference,
depmap_metadata,ACH-000683,SNU503,SIDM00497,ACH-000683,reference,
depmap_metadata,ACH-000684,KMRC1,SIDM00611,ACH-000684,reference,
depmap_metadata,ACH-000685,L33,nan,ACH-000685,reference,
depmap_metadata,ACH-000686,SNU878,nan,ACH-000686,reference,
depmap_metadata,ACH-000687,CI1,nan,ACH-000687,reference,
depmap_metadata,ACH-000688,OV7,SIDM00474,ACH-000688,reference,
depmap_metadata,ACH-000689,RH18,SIDM00454,ACH-000689,reference,
depmap_metadata,ACH-000690,HCC2814,nan,ACH-000690,reference,
depmap_metadata,ACH-000691,HCC2157,SIDM00774,ACH-000691,reference,
depmap_metadata,ACH-000692,SNU899,SIDM00169,ACH-000692,reference,
depmap_metadata,ACH-000693,KYSE180,SIDM01030,ACH-000693,reference,
depmap_metadata,ACH-000694,TE9,SIDM00325,ACH-000694,reference,
depmap_metadata,ACH-000695,CORL47,nan,ACH-000695,reference,
depmap_metadata,ACH-000696,OVCAR8,SIDM00090,ACH-000696,reference,
depmap_metadata,ACH-000697,A3KAW,SIDM00495,ACH-000697,reference,
depmap_metadata,ACH-000698,DMS53,SIDM00523,ACH-000698,reference,
depmap_metadata,ACH-000699,HCC1395,SIDM00884,ACH-000699,reference,
depmap_metadata,ACH-000700,NCIH2882,nan,ACH-000700,reference,
depmap_metadata,ACH-000701,RMUGS,nan,ACH-000701,reference,
depmap_metadata,ACH-000702,L1236,SIDM00313,ACH-000702,reference,
depmap_metadata,ACH-000703,DMS79,SIDM00524,ACH-000703,reference,
depmap_metadata,ACH-000704,OAW42,SIDM00480,ACH-000704,reference,
depmap_metadata,ACH-000705,LC1F,SIDM00298,ACH-000705,reference,
depmap_metadata,ACH-000706,EKVX,SIDM00119,ACH-000706,reference,
depmap_metadata,ACH-000707,P3HR1,SIDM01254,ACH-000707,reference,
depmap_metadata,ACH-000708,SNU283,SIDM00215,ACH-000708,reference,
depmap_metadata,ACH-000709,KMRC2,nan,ACH-000709,reference,
depmap_metadata,ACH-000710,NCIH854,nan,ACH-000710,reference,
depmap_metadata,ACH-000711,JIMT1,SIDM01037,ACH-000711,reference,
depmap_metadata,ACH-000712,HCC1833,nan,ACH-000712,reference,
depmap_metadata,ACH-000713,CAOV3,SIDM00919,ACH-000713,reference,
depmap_metadata,ACH-000714,KMS11,SIDM00608,ACH-000714,reference,
depmap_metadata,ACH-000715,SNU1214,SIDM00167,ACH-000715,reference,
depmap_metadata,ACH-000716,TT2609C02,SIDM00418,ACH-000716,reference,
depmap_metadata,ACH-000717,COLO680N,SIDM00956,ACH-000717,reference,
depmap_metadata,ACH-000718,NCIH2291,SIDM00728,ACH-000718,reference,
depmap_metadata,ACH-000719,RMGI,SIDM00352,ACH-000719,reference,
depmap_metadata,ACH-000720,TCCSUP,SIDM01190,ACH-000720,reference,
depmap_metadata,ACH-000721,HMC18,nan,ACH-000721,reference,
depmap_metadata,ACH-000722,SNUC1,SIDM01197,ACH-000722,reference,
depmap_metadata,ACH-000723,YD10B,nan,ACH-000723,reference,
depmap_metadata,ACH-000724,HT1376,SIDM00678,ACH-000724,reference,
depmap_metadata,ACH-000725,HCC202,SIDM00870,ACH-000725,reference,
depmap_metadata,ACH-000726,TE14,nan,ACH-000726,reference,
depmap_metadata,ACH-000727,NCIH2066,SIDM00711,ACH-000727,reference,
depmap_metadata,ACH-000728,KASUMI2,nan,ACH-000728,reference,
depmap_metadata,ACH-000729,NCIH1963,SIDM00760,ACH-000729,reference,
depmap_metadata,ACH-000730,SKMEL5,SIDM00080,ACH-000730,reference,
depmap_metadata,ACH-000731,HCC2279,nan,ACH-000731,reference,
depmap_metadata,ACH-000732,PECAPJ41CLONED2,nan,ACH-000732,reference,
depmap_metadata,ACH-000733,NCIH1838,SIDM00769,ACH-000733,reference,
depmap_metadata,ACH-000734,JHH5,nan,ACH-000734,reference,
depmap_metadata,ACH-000735,PECAPJ49,nan,ACH-000735,reference,
depmap_metadata,ACH-000736,SNU601,nan,ACH-000736,reference,
depmap_metadata,ACH-000737,NCIH1385,nan,ACH-000737,reference,
depmap_metadata,ACH-000738,GB1,SIDM00581,ACH-000738,reference,
depmap_metadata,ACH-000739,HEPG2,SIDM00904,ACH-000739,reference,
depmap_metadata,ACH-000740,A253,SIDM00796,ACH-000740,reference,
depmap_metadata,ACH-000741,UBLC1,nan,ACH-000741,reference,
depmap_metadata,ACH-000742,DM3,SIDM01505,ACH-000742,reference,
depmap_metadata,ACH-000743,CORL95,SIDM00521,ACH-000743,reference,
depmap_metadata,ACH-000744,NCIH1623,SIDM00747,ACH-000744,reference,
depmap_metadata,ACH-000745,MOLP8,SIDM00434,ACH-000745,reference,
depmap_metadata,ACH-000746,GSS,nan,ACH-000746,reference,
depmap_metadata,ACH-000747,NCIH1703,SIDM00740,ACH-000747,reference,
depmap_metadata,ACH-000748,SJSA1,SIDM01112,ACH-000748,reference,
depmap_metadata,ACH-000749,DMS273,SIDM00522,ACH-000749,reference,
depmap_metadata,ACH-000750,LOXIMVI,SIDM00149,ACH-000750,reference,
depmap_metadata,ACH-000751,OCIM1,SIDM00458,ACH-000751,reference,
depmap_metadata,ACH-000752,NCIH196,SIDM00761,ACH-000752,reference,
depmap_metadata,ACH-000753,JMSU1,nan,ACH-000753,reference,
depmap_metadata,ACH-000754,L428,SIDM00327,ACH-000754,reference,
depmap_metadata,ACH-000755,HCC2218,SIDM00772,ACH-000755,reference,
depmap_metadata,ACH-000756,GI1,SIDM00273,ACH-000756,reference,
depmap_metadata,ACH-000757,A427,SIDM00810,ACH-000757,reference,
depmap_metadata,ACH-000758,MKN74,SIDM00248,ACH-000758,reference,
depmap_metadata,ACH-000759,MDAMB175VII,SIDM00633,ACH-000759,reference,
depmap_metadata,ACH-000760,LNZ308,SIDM00682,ACH-000760,reference,
depmap_metadata,ACH-000761,NUGC2,nan,ACH-000761,reference,
depmap_metadata,ACH-000762,YD38,nan,ACH-000762,reference,
depmap_metadata,ACH-000763,MM1S,SIDM01265,ACH-000763,reference,
depmap_metadata,ACH-000764,SH10TC,nan,ACH-000764,reference,
depmap_metadata,ACH-000765,WM983B,nan,ACH-000765,reference,
depmap_metadata,ACH-000766,NCIH1648,SIDM00746,ACH-000766,reference,
depmap_metadata,ACH-000767,NCIH526,SIDM01128,ACH-000767,reference,
depmap_metadata,ACH-000768,MDAMB231,SIDM00146,ACH-000768,reference,
depmap_metadata,ACH-000769,LK2,SIDM00548,ACH-000769,reference,
depmap_metadata,ACH-000770,P31FUJ,SIDM00363,ACH-000770,reference,
depmap_metadata,ACH-000771,BICR56,nan,ACH-000771,reference,
depmap_metadata,ACH-000772,TE441T,SIDM01173,ACH-000772,reference,
depmap_metadata,ACH-000773,KIJK,nan,ACH-000773,reference,
depmap_metadata,ACH-000774,RERFLCAD2,nan,ACH-000774,reference,
depmap_metadata,ACH-000775,NCIH727,SIDM01119,ACH-000775,reference,
depmap_metadata,ACH-000776,ONS76,SIDM00567,ACH-000776,reference,
depmap_metadata,ACH-000777,KYSE30,SIDM00015,ACH-000777,reference,
depmap_metadata,ACH-000778,HSC3,SIDM00589,ACH-000778,reference,
depmap_metadata,ACH-000779,PC9,SIDM00236,ACH-000779,reference,
depmap_metadata,ACH-000780,NCIH1105,SIDM00652,ACH-000780,reference,
depmap_metadata,ACH-000781,NCIH2023,SIDM00753,ACH-000781,reference,
depmap_metadata,ACH-000782,SEM,nan,ACH-000782,reference,
depmap_metadata,ACH-000783,CAMA1,SIDM00920,ACH-000783,reference,
depmap_metadata,ACH-000784,KYSE70,SIDM01024,ACH-000784,reference,
depmap_metadata,ACH-000785,NCIH2126,SIDM00775,ACH-000785,reference,
depmap_metadata,ACH-000786,DAUDI,SIDM00845,ACH-000786,reference,
depmap_metadata,ACH-000787,LXF289,SIDM00339,ACH-000787,reference,
depmap_metadata,ACH-000788,A2058,SIDM00797,ACH-000788,reference,
depmap_metadata,ACH-000789,NCIH810,SIDM01116,ACH-000789,reference,
depmap_metadata,ACH-000790,SHP77,SIDM01078,ACH-000790,reference,
depmap_metadata,ACH-000791,RERFLCAD1,nan,ACH-000791,reference,
depmap_metadata,ACH-000792,BFTC909,SIDM00988,ACH-000792,reference,
depmap_metadata,ACH-000793,KATOIII,SIDM00687,ACH-000793,reference,
depmap_metadata,ACH-000794,BICR22,SIDM00485,ACH-000794,reference,
depmap_metadata,ACH-000795,MOLT13,SIDM00433,ACH-000795,reference,
depmap_metadata,ACH-000796,MCAS,SIDM00008,ACH-000796,reference,
depmap_metadata,ACH-000797,HLFA,nan,ACH-000797,reference,
depmap_metadata,ACH-000798,CL40,SIDM00960,ACH-000798,reference,
depmap_metadata,ACH-000799,HS695T,nan,ACH-000799,reference,
depmap_metadata,ACH-000800,NCIH446,SIDM00965,ACH-000800,reference,
depmap_metadata,ACH-000801,HS936T,nan,ACH-000801,reference,
depmap_metadata,ACH-000802,BFTC905,SIDM00989,ACH-000802,reference,
depmap_metadata,ACH-000803,COLO668,SIDM00143,ACH-000803,reference,
depmap_metadata,ACH-000804,NB1,SIDM00578,ACH-000804,reference,
depmap_metadata,ACH-000805,COLO679,SIDM00284,ACH-000805,reference,
depmap_metadata,ACH-000806,L540,SIDM00329,ACH-000806,reference,
depmap_metadata,ACH-000807,SNU738,nan,ACH-000807,reference,
depmap_metadata,ACH-000808,HUH28,nan,ACH-000808,reference,
depmap_metadata,ACH-000809,KYSE410,SIDM01028,ACH-000809,reference,
depmap_metadata,ACH-000810,SKMEL30,SIDM00392,ACH-000810,reference,
depmap_metadata,ACH-000811,SKOV3,SIDM00079,ACH-000811,reference,
depmap_metadata,ACH-000812,COLO783,SIDM00955,ACH-000812,reference,
depmap_metadata,ACH-000813,T3M10,nan,ACH-000813,reference,
depmap_metadata,ACH-000814,HS939T,SIDM00663,ACH-000814,reference,
depmap_metadata,ACH-000815,KMH2,SIDM01018,ACH-000815,reference,
depmap_metadata,ACH-000816,NCIH524,SIDM01129,ACH-000816,reference,
depmap_metadata,ACH-000817,RPMI8226,SIDM00087,ACH-000817,reference,
depmap_metadata,ACH-000818,BT483,SIDM00892,ACH-000818,reference,
depmap_metadata,ACH-000819,LN18,SIDM00685,ACH-000819,reference,
depmap_metadata,ACH-000820,SW403,SIDM00836,ACH-000820,reference,
depmap_metadata,ACH-000821,EJM,SIDM01048,ACH-000821,reference,
depmap_metadata,ACH-000822,SKMEL24,SIDM01106,ACH-000822,reference,
depmap_metadata,ACH-000823,KYSE140,SIDM01032,ACH-000823,reference,
depmap_metadata,ACH-000824,KYSE510,SIDM01026,ACH-000824,reference,
depmap_metadata,ACH-000825,HOP92,SIDM00134,ACH-000825,reference,
depmap_metadata,ACH-000826,CAL12T,SIDM00939,ACH-000826,reference,
depmap_metadata,ACH-000827,WM793,SIDM00973,ACH-000827,reference,
depmap_metadata,ACH-000828,ZR7530,SIDM00971,ACH-000828,reference,
depmap_metadata,ACH-000829,HUNS1,nan,ACH-000829,reference,
depmap_metadata,ACH-000830,NCIH1436,SIDM00697,ACH-000830,reference,
depmap_metadata,ACH-000831,HEC50B,nan,ACH-000831,reference,
depmap_metadata,ACH-000832,CAL27,SIDM00937,ACH-000832,reference,
depmap_metadata,ACH-000833,RH30,nan,ACH-000833,reference,
depmap_metadata,ACH-000834,UMUC1,nan,ACH-000834,reference,
depmap_metadata,ACH-000835,GCT,SIDM00853,ACH-000835,reference,
depmap_metadata,ACH-000836,YD15,nan,ACH-000836,reference,
depmap_metadata,ACH-000837,NCIH322,SIDM00117,ACH-000837,reference,
depmap_metadata,ACH-000838,AMO1,SIDM00993,ACH-000838,reference,
depmap_metadata,ACH-000839,SCABER,SIDM00032,ACH-000839,reference,
depmap_metadata,ACH-000840,HCC366,SIDM01070,ACH-000840,reference,
depmap_metadata,ACH-000841,NCIH2087,SIDM00708,ACH-000841,reference,
depmap_metadata,ACH-000842,SW480,SIDM00840,ACH-000842,reference,
depmap_metadata,ACH-000843,HARA,SIDM00598,ACH-000843,reference,
depmap_metadata,ACH-000844,DMS454,nan,ACH-000844,reference,
depmap_metadata,ACH-000845,NCIH1373,nan,ACH-000845,reference,
depmap_metadata,ACH-000846,FADU,SIDM00860,ACH-000846,reference,
depmap_metadata,ACH-000847,HGC27,SIDM00290,ACH-000847,reference,
depmap_metadata,ACH-000848,JHH7,SIDM00614,ACH-000848,reference,
depmap_metadata,ACH-000849,MDAMB468,SIDM00628,ACH-000849,reference,
depmap_metadata,ACH-000850,HS698T,SIDM01705,ACH-000850,reference,
depmap_metadata,ACH-000851,MORCPR,nan,ACH-000851,reference,
depmap_metadata,ACH-000852,NCIH1435,SIDM00658,ACH-000852,reference,
depmap_metadata,ACH-000853,NCIH661,SIDM01122,ACH-000853,reference,
depmap_metadata,ACH-000854,OCIMY5,nan,ACH-000854,reference,
depmap_metadata,ACH-000855,KYSE150,SIDM01031,ACH-000855,reference,
depmap_metadata,ACH-000856,CAL51,SIDM00933,ACH-000856,reference,
depmap_metadata,ACH-000857,CAL851,SIDM00928,ACH-000857,reference,
depmap_metadata,ACH-000858,KNS62,SIDM00606,ACH-000858,reference,
depmap_metadata,ACH-000859,HCC1954,SIDM00872,ACH-000859,reference,
depmap_metadata,ACH-000860,NCIH358,SIDM00718,ACH-000860,reference,
depmap_metadata,ACH-000861,HOP62,SIDM00133,ACH-000861,reference,
depmap_metadata,ACH-000862,KMBC2,nan,ACH-000862,reference,
depmap_metadata,ACH-000863,DBTRG05MG,SIDM00867,ACH-000863,reference,
depmap_metadata,ACH-000864,COLO684,SIDM00142,ACH-000864,reference,
depmap_metadata,ACH-000865,KYSE450,SIDM01027,ACH-000865,reference,
depmap_metadata,ACH-000866,NCIH1048,SIDM00654,ACH-000866,reference,
depmap_metadata,ACH-000867,CHAGOK1,SIDM00924,ACH-000867,reference,
depmap_metadata,ACH-000868,HCC1195,nan,ACH-000868,reference,
depmap_metadata,ACH-000869,NCIH1568,SIDM00750,ACH-000869,reference,
depmap_metadata,ACH-000870,NCIH1930,nan,ACH-000870,reference,
depmap_metadata,ACH-000871,NCIH510,SIDM00927,ACH-000871,reference,
depmap_metadata,ACH-000872,HCC515,nan,ACH-000872,reference,
depmap_metadata,ACH-000873,KYSE270,SIDM01029,ACH-000873,reference,
depmap_metadata,ACH-000874,RS411,SIDM01086,ACH-000874,reference,
depmap_metadata,ACH-000875,NCIH2347,SIDM00726,ACH-000875,reference,
depmap_metadata,ACH-000876,MDAMB415,SIDM00630,ACH-000876,reference,
depmap_metadata,ACH-000877,EB1,SIDM00862,ACH-000877,reference,
depmap_metadata,ACH-000878,HCC15,SIDM01072,ACH-000878,reference,
depmap_metadata,ACH-000879,MFE296,SIDM00334,ACH-000879,reference,
depmap_metadata,ACH-000880,AGS,SIDM00850,ACH-000880,reference,
depmap_metadata,ACH-000881,MELJUSO,SIDM00336,ACH-000881,reference,
depmap_metadata,ACH-000882,IGR1,SIDM01060,ACH-000882,reference,
depmap_metadata,ACH-000883,SW1783,SIDM01164,ACH-000883,reference,
depmap_metadata,ACH-000884,MDAMB435S,SIDM01222,ACH-000884,reference,
depmap_metadata,ACH-000885,TOV21G,SIDM01169,ACH-000885,reference,
depmap_metadata,ACH-000886,NCIH2009,SIDM00756,ACH-000886,reference,
depmap_metadata,ACH-000887,SF172,nan,ACH-000887,reference,
depmap_metadata,ACH-000888,NCIH1793,SIDM00755,ACH-000888,reference,
depmap_metadata,ACH-000889,KMM1,nan,ACH-000889,reference,
depmap_metadata,ACH-000890,SW1271,SIDM01156,ACH-000890,reference,
depmap_metadata,ACH-000891,HCC1438,nan,ACH-000891,reference,
depmap_metadata,ACH-000892,NCIH1563,SIDM00751,ACH-000892,reference,
depmap_metadata,ACH-000893,NCIH1651,SIDM00744,ACH-000893,reference,
depmap_metadata,ACH-000894,NCIH1869,SIDM00768,ACH-000894,reference,
depmap_metadata,ACH-000895,CL34,SIDM00945,ACH-000895,reference,
depmap_metadata,ACH-000896,647V,SIDM00983,ACH-000896,reference,
depmap_metadata,ACH-000897,FTC238,SIDM00228,ACH-000897,reference,
depmap_metadata,ACH-000898,SNU719,nan,ACH-000898,reference,
depmap_metadata,ACH-000899,WM88,SIDM01768,ACH-000899,reference,
depmap_metadata,ACH-000900,NCIH23,SIDM00138,ACH-000900,reference,
depmap_metadata,ACH-000901,HCC1359,nan,ACH-000901,reference,
depmap_metadata,ACH-000902,CAL148,SIDM00938,ACH-000902,reference,
depmap_metadata,ACH-000903,FTC133,SIDM00213,ACH-000903,reference,
depmap_metadata,ACH-000904,NCIH2106,nan,ACH-000904,reference,
depmap_metadata,ACH-000905,5637,SIDM00807,ACH-000905,reference,
depmap_metadata,ACH-000906,ES2,SIDM00861,ACH-000906,reference,
depmap_metadata,ACH-000907,SNU349,nan,ACH-000907,reference,
depmap_metadata,ACH-000908,SNU520,nan,ACH-000908,reference,
depmap_metadata,ACH-000909,JHUEM2,nan,ACH-000909,reference,
depmap_metadata,ACH-000910,MDAMB453,SIDM00272,ACH-000910,reference,
depmap_metadata,ACH-000911,NUGC3,SIDM00572,ACH-000911,reference,
depmap_metadata,ACH-000912,NCIH2286,SIDM00017,ACH-000912,reference,
depmap_metadata,ACH-000913,ESS1,SIDM01043,ACH-000913,reference,
depmap_metadata,ACH-000914,HT,SIDM00661,ACH-000914,reference,
depmap_metadata,ACH-000915,IPC298,SIDM01059,ACH-000915,reference,
depmap_metadata,ACH-000916,NCIH1573,SIDM00749,ACH-000916,reference,
depmap_metadata,ACH-000917,TE4,SIDM00250,ACH-000917,reference,
depmap_metadata,ACH-000918,MOLT16,SIDM00431,ACH-000918,reference,
depmap_metadata,ACH-000919,IM95,SIDM00602,ACH-000919,reference,
depmap_metadata,ACH-000920,CMLT1,SIDM00958,ACH-000920,reference,
depmap_metadata,ACH-000921,NCIH157DM,nan,ACH-000921,reference,
depmap_metadata,ACH-000922,RCHACV,SIDM00449,ACH-000922,reference,
depmap_metadata,ACH-000923,BCP1,nan,ACH-000923,reference,
depmap_metadata,ACH-000924,NCIH2172,SIDM00926,ACH-000924,reference,
depmap_metadata,ACH-000925,DV90,nan,ACH-000925,reference,
depmap_metadata,ACH-000926,HT55,SIDM00541,ACH-000926,reference,
depmap_metadata,ACH-000927,BT474,SIDM00963,ACH-000927,reference,
depmap_metadata,ACH-000928,JHUEM1,nan,ACH-000928,reference,
depmap_metadata,ACH-000929,NCIH2110,SIDM00703,ACH-000929,reference,
depmap_metadata,ACH-000930,HCC1569,SIDM00878,ACH-000930,reference,
depmap_metadata,ACH-000931,HMCB,SIDM00914,ACH-000931,reference,
depmap_metadata,ACH-000932,SNU1,SIDM01146,ACH-000932,reference,
depmap_metadata,ACH-000933,SNU324,nan,ACH-000933,reference,
depmap_metadata,ACH-000934,MDAMB361,SIDM00528,ACH-000934,reference,
depmap_metadata,ACH-000935,MDST8,SIDM00527,ACH-000935,reference,
depmap_metadata,ACH-000936,EFO27,SIDM01051,ACH-000936,reference,
depmap_metadata,ACH-000937,PF382,SIDM00451,ACH-000937,reference,
depmap_metadata,ACH-000938,NALM6,SIDM00429,ACH-000938,reference,
depmap_metadata,ACH-000939,SKUT1,SIDM01113,ACH-000939,reference,
depmap_metadata,ACH-000940,AN3CA,SIDM00901,ACH-000940,reference,
depmap_metadata,ACH-000941,HEC1B,SIDM01241,ACH-000941,reference,
depmap_metadata,ACH-000942,HPBALL,nan,ACH-000942,reference,
depmap_metadata,ACH-000943,RKO,SIDM01090,ACH-000943,reference,
depmap_metadata,ACH-000944,NAMALWA,SIDM00641,ACH-000944,reference,
depmap_metadata,ACH-000945,NCIH650,SIDM01124,ACH-000945,reference,
depmap_metadata,ACH-000946,HEC265,nan,ACH-000946,reference,
depmap_metadata,ACH-000947,OVK18,SIDM00238,ACH-000947,reference,
depmap_metadata,ACH-000948,2313287,SIDM00980,ACH-000948,reference,
depmap_metadata,ACH-000949,TGBC11TKB,SIDM00251,ACH-000949,reference,
depmap_metadata,ACH-000950,LOVO,SIDM00839,ACH-000950,reference,
depmap_metadata,ACH-000951,NCIH2342,SIDM00727,ACH-000951,reference,
depmap_metadata,ACH-000952,MDAPCA2B,nan,ACH-000952,reference,
depmap_metadata,ACH-000953,SUPT1,SIDM01154,ACH-000953,reference,
depmap_metadata,ACH-000954,HEC1A,SIDM00595,ACH-000954,reference,
depmap_metadata,ACH-000955,SNU407,SIDM00214,ACH-000955,reference,
depmap_metadata,ACH-000956,22RV1,SIDM00499,ACH-000956,reference,
depmap_metadata,ACH-000957,LS180,SIDM00680,ACH-000957,reference,
depmap_metadata,ACH-000958,SW48,SIDM00837,ACH-000958,reference,
depmap_metadata,ACH-000959,SNUC4,SIDM00500,ACH-000959,reference,
depmap_metadata,ACH-000960,REH,SIDM00447,ACH-000960,reference,
depmap_metadata,ACH-000961,ISHIKAWAHERAKLIO02ER,SIDM00037,ACH-000961,reference,
depmap_metadata,ACH-000962,OC314,SIDM00220,ACH-000962,reference,
depmap_metadata,ACH-000963,CCK81,SIDM00487,ACH-000963,reference,
depmap_metadata,ACH-000964,MOLT3,SIDM00153,ACH-000964,reference,
depmap_metadata,ACH-000965,RL952,SIDM01088,ACH-000965,reference,
depmap_metadata,ACH-000966,IGROV1,SIDM00151,ACH-000966,reference,
depmap_metadata,ACH-000967,SNUC2A,SIDM00780,ACH-000967,reference,
depmap_metadata,ACH-000968,COLO792,SIDM00140,ACH-000968,reference,
depmap_metadata,ACH-000969,KM12,SIDM00150,ACH-000969,reference,
depmap_metadata,ACH-000970,SNUC5,SIDM00498,ACH-000970,reference,
depmap_metadata,ACH-000971,HCT116,SIDM00783,ACH-000971,reference,
depmap_metadata,ACH-000972,HEC151,nan,ACH-000972,reference,
depmap_metadata,ACH-000973,639V,SIDM00999,ACH-000973,reference,
depmap_metadata,ACH-000974,SNGM,SIDM00373,ACH-000974,reference,
depmap_metadata,ACH-000975,HCC2450,nan,ACH-000975,reference,
depmap_metadata,ACH-000976,HUCCT1,SIDM00587,ACH-000976,reference,
depmap_metadata,ACH-000977,LNCAPCLONEFGC,SIDM00683,ACH-000977,reference,
depmap_metadata,ACH-000978,EN,SIDM01045,ACH-000978,reference,
depmap_metadata,ACH-000979,DU145,SIDM00120,ACH-000979,reference,
depmap_metadata,ACH-000980,NCIH1155,SIDM00651,ACH-000980,reference,
depmap_metadata,ACH-000981,DND41,SIDM00946,ACH-000981,reference,
depmap_metadata,ACH-000982,GP2D,SIDM00536,ACH-000982,reference,
depmap_metadata,ACH-000983,KCL22,SIDM01004,ACH-000983,reference,
depmap_metadata,ACH-000984,HEC6,nan,ACH-000984,reference,
depmap_metadata,ACH-000985,LS411N,SIDM00660,ACH-000985,reference,
depmap_metadata,ACH-000986,HT115,SIDM00534,ACH-000986,reference,
depmap_metadata,ACH-000987,MEWO,SIDM00545,ACH-000987,reference,
depmap_metadata,ACH-000988,MFE319,SIDM00333,ACH-000988,reference,
depmap_metadata,ACH-000989,SNU175,SIDM00216,ACH-000989,reference,
depmap_metadata,ACH-000990,HEC108,nan,ACH-000990,reference,
depmap_metadata,ACH-000991,SNU81,SIDM00193,ACH-000991,reference,
depmap_metadata,ACH-000992,BICR18,nan,ACH-000992,reference,
depmap_metadata,ACH-000993,JHUEM7,nan,ACH-000993,reference,
depmap_metadata,ACH-000994,HEC59,nan,ACH-000994,reference,
depmap_metadata,ACH-000995,JURKAT,SIDM01016,ACH-000995,reference,
depmap_metadata,ACH-000996,HEC251,nan,ACH-000996,reference,
depmap_metadata,ACH-000997,HCT15,SIDM00789,ACH-000997,reference,
depmap_metadata,ACH-000998,CW2,SIDM00282,ACH-000998,reference,
depmap_metadata,ACH-000999,SNU1040,SIDM00217,ACH-000999,reference,
depmap_metadata,ACH-001000,1321N1,SIDM01967,ACH-001000,reference,
depmap_metadata,ACH-001001,143B,SIDM00804,ACH-001001,reference,
depmap_metadata,ACH-001002,451LU,SIDM01240,ACH-001002,reference,
depmap_metadata,ACH-001007,A673STAG2KO16,nan,ACH-001007,reference,
depmap_metadata,ACH-001008,A673STAG2KO45,nan,ACH-001008,reference,
depmap_metadata,ACH-001009,A673STAG2NT14,nan,ACH-001009,reference,
depmap_metadata,ACH-001010,A673STAG2NT23,nan,ACH-001010,reference,
depmap_metadata,ACH-001015,AZ521,SIDM01934,ACH-001015,reference,
depmap_metadata,ACH-001016,BECKER,SIDM00490,ACH-001016,reference,
depmap_metadata,ACH-001017,BGC823,SIDM01938,ACH-001017,reference,
depmap_metadata,ACH-001018,BJHTERT,nan,ACH-001018,reference,
depmap_metadata,ACH-001019,BROLI,nan,ACH-001019,reference,
depmap_metadata,ACH-001020,BT16,nan,ACH-001020,reference,
depmap_metadata,ACH-001021,C3A,SIDM01237,ACH-001021,reference,
depmap_metadata,ACH-001022,CBAGPN,SIDM01544,ACH-001022,reference,
depmap_metadata,ACH-001023,CGTHW1,SIDM01248,ACH-001023,reference,
depmap_metadata,ACH-001024,CHL1,SIDM01228,ACH-001024,reference,
depmap_metadata,ACH-001028,CHLA06ATRT,nan,ACH-001028,reference,
depmap_metadata,ACH-001029,CHLA10,nan,ACH-001029,reference,
depmap_metadata,ACH-001030,CHLA218,SIDM01538,ACH-001030,reference,
depmap_metadata,ACH-001031,CHLA266,nan,ACH-001031,reference,
depmap_metadata,ACH-001032,CHLA32,nan,ACH-001032,reference,
depmap_metadata,ACH-001033,CHLA57,nan,ACH-001033,reference,
depmap_metadata,ACH-001034,CHLA9,nan,ACH-001034,reference,
depmap_metadata,ACH-001035,CHLA99,nan,ACH-001035,reference,
depmap_metadata,ACH-001036,CMK115,SIDM01235,ACH-001036,reference,
depmap_metadata,ACH-001037,CMK86,nan,ACH-001037,reference,
depmap_metadata,ACH-001038,COGE352,nan,ACH-001038,reference,
depmap_metadata,ACH-001039,COLO205,SIDM00826,ACH-001039,reference,
depmap_metadata,ACH-001041,CHL1DM,SIDM00911,ACH-001041,reference,
depmap_metadata,ACH-001042,COLO704,nan,ACH-001042,reference,
depmap_metadata,ACH-001043,COLO775,SIDM01718,ACH-001043,reference,
depmap_metadata,ACH-001044,COLO818,SIDM01153,ACH-001044,reference,
depmap_metadata,ACH-001045,COLO849,nan,ACH-001045,reference,
depmap_metadata,ACH-001046,CORL26,nan,ACH-001046,reference,
depmap_metadata,ACH-001047,CORL51,SIDM01717,ACH-001047,reference,
depmap_metadata,ACH-001048,COV504,nan,ACH-001048,reference,
depmap_metadata,ACH-001049,CPCN,SIDM00953,ACH-001049,reference,
depmap_metadata,ACH-001050,CW9019,nan,ACH-001050,reference,
depmap_metadata,ACH-001052,D384,nan,ACH-001052,reference,
depmap_metadata,ACH-001053,D425,nan,ACH-001053,reference,
depmap_metadata,ACH-001054,D458,nan,ACH-001054,reference,
depmap_metadata,ACH-001055,D556,nan,ACH-001055,reference,
depmap_metadata,ACH-001057,DERL2,SIDM01509,ACH-001057,reference,
depmap_metadata,ACH-001059,DL,SIDM01507,ACH-001059,reference,
depmap_metadata,ACH-001060,DL40,SIDM01506,ACH-001060,reference,
depmap_metadata,ACH-001061,DLD1,SIDM00787,ACH-001061,reference,
depmap_metadata,ACH-001063,DOV13,SIDM00969,ACH-001063,reference,
depmap_metadata,ACH-001064,EB2,SIDM00863,ACH-001064,reference,
depmap_metadata,ACH-001065,EVSAT,SIDM01042,ACH-001065,reference,
depmap_metadata,ACH-001066,EWS834,SIDM01713,ACH-001066,reference,
depmap_metadata,ACH-001067,F5,nan,ACH-001067,reference,
depmap_metadata,ACH-001068,FEPD,SIDM01496,ACH-001068,reference,
depmap_metadata,ACH-001071,GLC82,nan,ACH-001071,reference,
depmap_metadata,ACH-001072,GRM,SIDM00468,ACH-001072,reference,
depmap_metadata,ACH-001075,NCIH292,SIDM00493,ACH-001075,reference,
depmap_metadata,ACH-001079,HCC1897,SIDM01814,ACH-001079,reference,
depmap_metadata,ACH-001081,HCC2998,SIDM00118,ACH-001081,reference,
depmap_metadata,ACH-001084,HCT8,SIDM00786,ACH-001084,reference,
depmap_metadata,ACH-001085,HEK293,nan,ACH-001085,reference,
depmap_metadata,ACH-001086,HELA,SIDM00846,ACH-001086,reference,
depmap_metadata,ACH-001087,HK2,SIDM01818,ACH-001087,reference,
depmap_metadata,ACH-001088,HLC1,nan,ACH-001088,reference,
depmap_metadata,ACH-001089,HLE,SIDM00064,ACH-001089,reference,
depmap_metadata,ACH-001090,HN,SIDM01061,ACH-001090,reference,
depmap_metadata,ACH-001091,HRT18,SIDM00788,ACH-001091,reference,
depmap_metadata,ACH-001093,HS604T,SIDM01706,ACH-001093,reference,
depmap_metadata,ACH-001094,HTK,SIDM00805,ACH-001094,reference,
depmap_metadata,ACH-001096,JR,nan,ACH-001096,reference,
depmap_metadata,ACH-001097,KARPAS384,SIDM01737,ACH-001097,reference,
depmap_metadata,ACH-001098,KCIMOH1,nan,ACH-001098,reference,
depmap_metadata,ACH-001099,KD,nan,ACH-001099,reference,
depmap_metadata,ACH-001100,KHYG1,SIDM01661,ACH-001100,reference,
depmap_metadata,ACH-001101,KLM1,nan,ACH-001101,reference,
depmap_metadata,ACH-001106,KOPN8,SIDM01034,ACH-001106,reference,
depmap_metadata,ACH-001107,KP1N,SIDM00583,ACH-001107,reference,
depmap_metadata,ACH-001109,KPMRTRY,nan,ACH-001109,reference,
depmap_metadata,ACH-001111,L82,nan,ACH-001111,reference,
depmap_metadata,ACH-001113,LC1SQSF,SIDM01226,ACH-001113,reference,
depmap_metadata,ACH-001118,M059J,SIDM00659,ACH-001118,reference,
depmap_metadata,ACH-001119,MAC2A,nan,ACH-001119,reference,
depmap_metadata,ACH-001121,MEC2,SIDM00827,ACH-001121,reference,
depmap_metadata,ACH-001122,MKL1,nan,ACH-001122,reference,
depmap_metadata,ACH-001123,MKL2,nan,ACH-001123,reference,
depmap_metadata,ACH-001125,MOGGCCM,SIDM00532,ACH-001125,reference,
depmap_metadata,ACH-001126,MOGGUVW,SIDM00504,ACH-001126,reference,
depmap_metadata,ACH-001127,MOLT4,SIDM00145,ACH-001127,reference,
depmap_metadata,ACH-001128,MON,nan,ACH-001128,reference,
depmap_metadata,ACH-001129,MONOMAC1,SIDM01022,ACH-001129,reference,
depmap_metadata,ACH-001130,MOTN1,SIDM01884,ACH-001130,reference,
depmap_metadata,ACH-001131,MSDASH1,SIDM00408,ACH-001131,reference,
depmap_metadata,ACH-001132,MTA,SIDM01868,ACH-001132,reference,
depmap_metadata,ACH-001134,MYLA,nan,ACH-001134,reference,
depmap_metadata,ACH-001136,NCIH187,SIDM00767,ACH-001136,reference,
depmap_metadata,ACH-001137,NCIH1993,SIDM00758,ACH-001137,reference,
depmap_metadata,ACH-001138,NCIH2141,SIDM00699,ACH-001138,reference,
depmap_metadata,ACH-001142,NHAHTDD,nan,ACH-001142,reference,
depmap_metadata,ACH-001143,NKL,SIDM01880,ACH-001143,reference,
depmap_metadata,ACH-001144,OC315,nan,ACH-001144,reference,
depmap_metadata,ACH-001145,OC316,SIDM00219,ACH-001145,reference,
depmap_metadata,ACH-001146,OCILY10,SIDM01883,ACH-001146,reference,
depmap_metadata,ACH-001147,OCILY12,SIDM01882,ACH-001147,reference,
depmap_metadata,ACH-001148,OCILY132,SIDM01877,ACH-001148,reference,
depmap_metadata,ACH-001150,OUMS27,nan,ACH-001150,reference,
depmap_metadata,ACH-001151,OVCAR5,SIDM00091,ACH-001151,reference,
depmap_metadata,ACH-001162,PCM6,SIDM01776,ACH-001162,reference,
depmap_metadata,ACH-001163,CCLFPEDS0001T,nan,ACH-001163,reference,
depmap_metadata,ACH-001164,CCLFPEDS0003T,nan,ACH-001164,reference,
depmap_metadata,ACH-001170,PETA,SIDM01848,ACH-001170,reference,
depmap_metadata,ACH-001171,PL45,SIDM01115,ACH-001171,reference,
depmap_metadata,ACH-001172,U251MGDM,nan,ACH-001172,reference,
depmap_metadata,ACH-001175,RCC4,nan,ACH-001175,reference,
depmap_metadata,ACH-001182,RPMI6666,SIDM00813,ACH-001182,reference,
depmap_metadata,ACH-001183,RT11284,SIDM01202,ACH-001183,reference,
depmap_metadata,ACH-001184,SCMCRM2,nan,ACH-001184,reference,
depmap_metadata,ACH-001188,SHSY5Y,SIDM01236,ACH-001188,reference,
depmap_metadata,ACH-001189,SJRH30,SIDM01095,ACH-001189,reference,
depmap_metadata,ACH-001190,SKMEL2,SIDM00082,ACH-001190,reference,
depmap_metadata,ACH-001192,SKNEP1,SIDM00027,ACH-001192,reference,
depmap_metadata,ACH-001193,SKPNDW,SIDM01097,ACH-001193,reference,
depmap_metadata,ACH-001194,SKRC31,nan,ACH-001194,reference,
depmap_metadata,ACH-001196,SMSCTR,nan,ACH-001196,reference,
depmap_metadata,ACH-001197,SMZ1,nan,ACH-001197,reference,
depmap_metadata,ACH-001198,SNB19,SIDM00109,ACH-001198,reference,
depmap_metadata,ACH-001199,SNUC2B,SIDM00781,ACH-001199,reference,
depmap_metadata,ACH-001200,STM9101,nan,ACH-001200,reference,
depmap_metadata,ACH-001201,SUMB002,nan,ACH-001201,reference,
depmap_metadata,ACH-001203,SUPHD1,SIDM00422,ACH-001203,reference,
depmap_metadata,ACH-001205,TC32,nan,ACH-001205,reference,
depmap_metadata,ACH-001206,TTC466,SIDM01911,ACH-001206,reference,
depmap_metadata,ACH-001207,TIG3TD,nan,ACH-001207,reference,
depmap_metadata,ACH-001208,TK10,SIDM00113,ACH-001208,reference,
depmap_metadata,ACH-001209,TOM1,nan,ACH-001209,reference,
depmap_metadata,ACH-001210,TTC1240,nan,ACH-001210,reference,
depmap_metadata,ACH-001211,TTC549,nan,ACH-001211,reference,
depmap_metadata,ACH-001212,TTC642,nan,ACH-001212,reference,
depmap_metadata,ACH-001214,U138MG,SIDM01192,ACH-001214,reference,
depmap_metadata,ACH-001224,UMRC2,SIDM01830,ACH-001224,reference,
depmap_metadata,ACH-001225,UMRC6,SIDM01829,ACH-001225,reference,
depmap_metadata,ACH-001227,UPCISCC090,SIDM00399,ACH-001227,reference,
depmap_metadata,ACH-001228,UPCISCC152,SIDM00398,ACH-001228,reference,
depmap_metadata,ACH-001229,UPCISCC154,nan,ACH-001229,reference,
depmap_metadata,ACH-001230,UT7,SIDM01908,ACH-001230,reference,
depmap_metadata,ACH-001232,UW228,nan,ACH-001232,reference,
depmap_metadata,ACH-001233,VMRCLCD,SIDM00320,ACH-001233,reference,
depmap_metadata,ACH-001234,VMRCLCP,nan,ACH-001234,reference,
depmap_metadata,ACH-001239,WM2664,SIDM00979,ACH-001239,reference,
depmap_metadata,ACH-001249,YMB1,SIDM01260,ACH-001249,reference,
depmap_metadata,ACH-001270,127399,nan,ACH-001270,reference,
depmap_metadata,ACH-001272,FUJI,nan,ACH-001272,reference,
depmap_metadata,ACH-001274,SW982,SIDM01161,ACH-001274,reference,
depmap_metadata,ACH-001275,SYO1,nan,ACH-001275,reference,
depmap_metadata,ACH-001277,YAMATO,nan,ACH-001277,reference,
depmap_metadata,ACH-001278,BIN67,nan,ACH-001278,reference,
depmap_metadata,ACH-001279,SCCOHT1,nan,ACH-001279,reference,
depmap_metadata,ACH-001280,SCS214,nan,ACH-001280,reference,
depmap_metadata,ACH-001282,CHLA258,nan,ACH-001282,reference,
depmap_metadata,ACH-001283,TC106,nan,ACH-001283,reference,
depmap_metadata,ACH-001289,COGAR359,nan,ACH-001289,reference,
depmap_metadata,ACH-001295,Y79,nan,ACH-001295,reference,
depmap_metadata,ACH-001300,CHLA15,nan,ACH-001300,reference,
depmap_metadata,ACH-001301,COGN278,nan,ACH-001301,reference,
depmap_metadata,ACH-001302,COGN305,nan,ACH-001302,reference,
depmap_metadata,ACH-001303,NB1643,nan,ACH-001303,reference,
depmap_metadata,ACH-001306,8305C,SIDM00997,ACH-001306,reference,
depmap_metadata,ACH-001307,8505C,SIDM00996,ACH-001307,reference,
depmap_metadata,ACH-001310,HA1E,nan,ACH-001310,reference,
depmap_metadata,ACH-001318,PLCPRF5,nan,ACH-001318,reference,
depmap_metadata,ACH-001321,TT,SIDM00484,ACH-001321,reference,
depmap_metadata,ACH-001322,CME1,nan,ACH-001322,reference,
depmap_metadata,ACH-001328,A431,SIDM00995,ACH-001328,reference,
depmap_metadata,ACH-001329,ANGMCSS,nan,ACH-001329,reference,
depmap_metadata,ACH-001331,BICR10,SIDM00077,ACH-001331,reference,
depmap_metadata,ACH-001332,BICR78,SIDM00501,ACH-001332,reference,
depmap_metadata,ACH-001333,C33A,SIDM00889,ACH-001333,reference,
depmap_metadata,ACH-001334,C4I,SIDM00905,ACH-001334,reference,
depmap_metadata,ACH-001335,C4II,SIDM00906,ACH-001335,reference,
depmap_metadata,ACH-001336,CASKI,SIDM00923,ACH-001336,reference,
depmap_metadata,ACH-001338,CHP134,SIDM00285,ACH-001338,reference,
depmap_metadata,ACH-001339,COLO794,SIDM00514,ACH-001339,reference,
depmap_metadata,ACH-001340,COV413A,nan,ACH-001340,reference,
depmap_metadata,ACH-001341,DOTC24510,SIDM00864,ACH-001341,reference,
depmap_metadata,ACH-001344,GIMEN,SIDM00227,ACH-001344,reference,
depmap_metadata,ACH-001345,GP5D,SIDM00537,ACH-001345,reference,
depmap_metadata,ACH-001346,H103,nan,ACH-001346,reference,
depmap_metadata,ACH-001347,H157,nan,ACH-001347,reference,
depmap_metadata,ACH-001349,HDMB03,nan,ACH-001349,reference,
depmap_metadata,ACH-001350,HTCC3,SIDM00496,ACH-001350,reference,
depmap_metadata,ACH-001353,JOPACA1,nan,ACH-001353,reference,
depmap_metadata,ACH-001354,LAN2,nan,ACH-001354,reference,
depmap_metadata,ACH-001355,LAN6,SIDM00330,ACH-001355,reference,
depmap_metadata,ACH-001356,MB1,nan,ACH-001356,reference,
depmap_metadata,ACH-001357,MCF10A,nan,ACH-001357,reference,
depmap_metadata,ACH-001358,MDAMB330,SIDM00631,ACH-001358,reference,
depmap_metadata,ACH-001359,ME180,SIDM00627,ACH-001359,reference,
depmap_metadata,ACH-001360,MS751,SIDM00638,ACH-001360,reference,
depmap_metadata,ACH-001361,NBLS,nan,ACH-001361,reference,
depmap_metadata,ACH-001362,NCIH1770,SIDM00737,ACH-001362,reference,
depmap_metadata,ACH-001363,NCIH2135,SIDM00700,ACH-001363,reference,
depmap_metadata,ACH-001364,NCIH345,SIDM00719,ACH-001364,reference,
depmap_metadata,ACH-001365,NCIH847,SIDM01149,ACH-001365,reference,
depmap_metadata,ACH-001366,NGP,nan,ACH-001366,reference,
depmap_metadata,ACH-001367,NMB,nan,ACH-001367,reference,
depmap_metadata,ACH-001368,OACM51,SIDM00444,ACH-001368,reference,
depmap_metadata,ACH-001369,OCIC5X,nan,ACH-001369,reference,
depmap_metadata,ACH-001370,OCIP5X,nan,ACH-001370,reference,
depmap_metadata,ACH-001373,OV17R,SIDM00476,ACH-001373,reference,
depmap_metadata,ACH-001374,PA1,SIDM01140,ACH-001374,reference,
depmap_metadata,ACH-001375,PACADD119,nan,ACH-001375,reference,
depmap_metadata,ACH-001376,PACADD135,nan,ACH-001376,reference,
depmap_metadata,ACH-001377,PACADD137,nan,ACH-001377,reference,
depmap_metadata,ACH-001378,PACADD159,nan,ACH-001378,reference,
depmap_metadata,ACH-001379,PACADD161,nan,ACH-001379,reference,
depmap_metadata,ACH-001380,PACADD165,nan,ACH-001380,reference,
depmap_metadata,ACH-001382,PACADD188,nan,ACH-001382,reference,
depmap_metadata,ACH-001383,PWR1E,SIDM01114,ACH-001383,reference,
depmap_metadata,ACH-001384,RO82W1,SIDM00218,ACH-001384,reference,
depmap_metadata,ACH-001385,RPMI2650,SIDM00809,ACH-001385,reference,
depmap_metadata,ACH-001386,SCLC22H,SIDM00028,ACH-001386,reference,
depmap_metadata,ACH-001388,SUM102PT,nan,ACH-001388,reference,
depmap_metadata,ACH-001389,SUM1315MO2,nan,ACH-001389,reference,
depmap_metadata,ACH-001390,SUM149PT,nan,ACH-001390,reference,
depmap_metadata,ACH-001391,SUM159PT,nan,ACH-001391,reference,
depmap_metadata,ACH-001392,SUM185PE,nan,ACH-001392,reference,
depmap_metadata,ACH-001393,SUM190PT,nan,ACH-001393,reference,
depmap_metadata,ACH-001394,SUM229PE,nan,ACH-001394,reference,
depmap_metadata,ACH-001395,SUM44PE,nan,ACH-001395,reference,
depmap_metadata,ACH-001396,SUM52PE,nan,ACH-001396,reference,
depmap_metadata,ACH-001397,SUM225CWN,nan,ACH-001397,reference,
depmap_metadata,ACH-001398,SW156,SIDM01162,ACH-001398,reference,
depmap_metadata,ACH-001399,SW626,SIDM01168,ACH-001399,reference,
depmap_metadata,ACH-001400,SW954,SIDM01157,ACH-001400,reference,
depmap_metadata,ACH-001401,SW13,SIDM00814,ACH-001401,reference,
depmap_metadata,ACH-001402,SW756,SIDM01174,ACH-001402,reference,
depmap_metadata,ACH-001403,TO14,nan,ACH-001403,reference,
depmap_metadata,ACH-001407,UMUC13,nan,ACH-001407,reference,
depmap_metadata,ACH-001408,UMUC14,nan,ACH-001408,reference,
depmap_metadata,ACH-001409,UMUC16,nan,ACH-001409,reference,
depmap_metadata,ACH-001410,UMUC4,nan,ACH-001410,reference,
depmap_metadata,ACH-001411,UMUC5,nan,ACH-001411,reference,
depmap_metadata,ACH-001412,UMUC10,nan,ACH-001412,reference,
depmap_metadata,ACH-001413,UMUC11,nan,ACH-001413,reference,
depmap_metadata,ACH-001414,UMUC6,nan,ACH-001414,reference,
depmap_metadata,ACH-001415,UMUC7,nan,ACH-001415,reference,
depmap_metadata,ACH-001416,UMUC9,nan,ACH-001416,reference,
depmap_metadata,ACH-001417,UMC11,SIDM01183,ACH-001417,reference,
depmap_metadata,ACH-001418,UWB1289,SIDM00815,ACH-001418,reference,
depmap_metadata,ACH-001419,VP229,nan,ACH-001419,reference,
depmap_metadata,ACH-001421,WERIRB1,nan,ACH-001421,reference,
depmap_metadata,ACH-001422,WPE1NA22,nan,ACH-001422,reference,
depmap_metadata,ACH-001423,CCLFPEDS0002T,nan,ACH-001423,reference,
depmap_metadata,ACH-001425,CCLFPEDS0004T,nan,ACH-001425,reference,
depmap_metadata,ACH-001427,CCLFPEDS0007T,nan,ACH-001427,reference,
depmap_metadata,ACH-001428,CCLFPEDS0010T,nan,ACH-001428,reference,
depmap_metadata,ACH-001430,TC138,nan,ACH-001430,reference,
depmap_metadata,ACH-001431,TC205,nan,ACH-001431,reference,
depmap_metadata,ACH-001433,CCLFPEDS0008T,nan,ACH-001433,reference,
depmap_metadata,ACH-001435,1156QE8,nan,ACH-001435,reference,
depmap_metadata,ACH-001436,1411H,nan,ACH-001436,reference,
depmap_metadata,ACH-001437,1618K,nan,ACH-001437,reference,
depmap_metadata,ACH-001438,1777NRPMET,nan,ACH-001438,reference,
depmap_metadata,ACH-001440,833KE,nan,ACH-001440,reference,
depmap_metadata,ACH-001441,921,nan,ACH-001441,reference,
depmap_metadata,ACH-001442,A388,SIDM00794,ACH-001442,reference,
depmap_metadata,ACH-001443,ASH3,SIDM00491,ACH-001443,reference,
depmap_metadata,ACH-001445,BICR3,nan,ACH-001445,reference,
depmap_metadata,ACH-001447,BJAB,nan,ACH-001447,reference,
depmap_metadata,ACH-001449,BL2,nan,ACH-001449,reference,
depmap_metadata,ACH-001450,BLUE1,nan,ACH-001450,reference,
depmap_metadata,ACH-001451,BOKU,SIDM00073,ACH-001451,reference,
depmap_metadata,ACH-001452,BONNA12,SIDM00984,ACH-001452,reference,
depmap_metadata,ACH-001453,BPH1,SIDM00964,ACH-001453,reference,
depmap_metadata,ACH-001454,C10,nan,ACH-001454,reference,
depmap_metadata,ACH-001456,C125PM,nan,ACH-001456,reference,
depmap_metadata,ACH-001458,C75,nan,ACH-001458,reference,
depmap_metadata,ACH-001459,C80,nan,ACH-001459,reference,
depmap_metadata,ACH-001460,C84,nan,ACH-001460,reference,
depmap_metadata,ACH-001461,C99,nan,ACH-001461,reference,
depmap_metadata,ACH-001465,CHLA136,nan,ACH-001465,reference,
depmap_metadata,ACH-001481,CHLA90,nan,ACH-001481,reference,
depmap_metadata,ACH-001484,CI,nan,ACH-001484,reference,
depmap_metadata,ACH-001485,CII,nan,ACH-001485,reference,
depmap_metadata,ACH-001489,CORL32,SIDM00508,ACH-001489,reference,
depmap_metadata,ACH-001490,CORL321,SIDM00507,ACH-001490,reference,
depmap_metadata,ACH-001492,DOGKIT,nan,ACH-001492,reference,
depmap_metadata,ACH-001493,DOGUM,nan,ACH-001493,reference,
depmap_metadata,ACH-001494,EGI1,SIDM01050,ACH-001494,reference,
depmap_metadata,ACH-001495,EMTOKA,nan,ACH-001495,reference,
depmap_metadata,ACH-001496,ESO26,SIDM00539,ACH-001496,reference,
depmap_metadata,ACH-001497,ESO51,SIDM00538,ACH-001497,reference,
depmap_metadata,ACH-001498,FARAGE,SIDM00859,ACH-001498,reference,
depmap_metadata,ACH-001500,FLO1,SIDM01041,ACH-001500,reference,
depmap_metadata,ACH-001501,FTC236,SIDM00229,ACH-001501,reference,
depmap_metadata,ACH-001502,GCT27,nan,ACH-001502,reference,
depmap_metadata,ACH-001503,GUMBUS,nan,ACH-001503,reference,
depmap_metadata,ACH-001508,H314,nan,ACH-001508,reference,
depmap_metadata,ACH-001509,H357,nan,ACH-001509,reference,
depmap_metadata,ACH-001510,H376,nan,ACH-001510,reference,
depmap_metadata,ACH-001511,H413,nan,ACH-001511,reference,
depmap_metadata,ACH-001513,HCA1,nan,ACH-001513,reference,
depmap_metadata,ACH-001514,HCC1008,nan,ACH-001514,reference,
depmap_metadata,ACH-001515,HCS2,nan,ACH-001515,reference,
depmap_metadata,ACH-001516,HCSC1,nan,ACH-001516,reference,
depmap_metadata,ACH-001517,HEC1,SIDM00596,ACH-001517,reference,
depmap_metadata,ACH-001518,HEC116,nan,ACH-001518,reference,
depmap_metadata,ACH-001519,HEMCSS,SIDM00535,ACH-001519,reference,
depmap_metadata,ACH-001520,HG3,nan,ACH-001520,reference,
depmap_metadata,ACH-001521,HKA1,nan,ACH-001521,reference,
depmap_metadata,ACH-001522,HMY1,nan,ACH-001522,reference,
depmap_metadata,ACH-001523,HSC1,nan,ACH-001523,reference,
depmap_metadata,ACH-001524,HSC5,nan,ACH-001524,reference,
depmap_metadata,ACH-001525,HT3,SIDM00679,ACH-001525,reference,
depmap_metadata,ACH-001526,HUO9,SIDM00599,ACH-001526,reference,
depmap_metadata,ACH-001528,IHH4,SIDM00600,ACH-001528,reference,
depmap_metadata,ACH-001529,JAR,SIDM01039,ACH-001529,reference,
depmap_metadata,ACH-001530,JEG3,SIDM01218,ACH-001530,reference,
depmap_metadata,ACH-001532,JMURTK2,nan,ACH-001532,reference,
depmap_metadata,ACH-001533,KARPAS1718,nan,ACH-001533,reference,
depmap_metadata,ACH-001536,KKU100,nan,ACH-001536,reference,
depmap_metadata,ACH-001537,KKU055,nan,ACH-001537,reference,
depmap_metadata,ACH-001538,KKU213,nan,ACH-001538,reference,
depmap_metadata,ACH-001539,KML1,nan,ACH-001539,reference,
depmap_metadata,ACH-001540,KMLS1,nan,ACH-001540,reference,
depmap_metadata,ACH-001541,KMS28PE,nan,ACH-001541,reference,
depmap_metadata,ACH-001542,KON,SIDM00604,ACH-001542,reference,
depmap_metadata,ACH-001543,KOSC2,SIDM00603,ACH-001543,reference,
depmap_metadata,ACH-001544,KYAE1,SIDM00530,ACH-001544,reference,
depmap_metadata,ACH-001547,LO68,nan,ACH-001547,reference,
depmap_metadata,ACH-001548,LS,nan,ACH-001548,reference,
depmap_metadata,ACH-001549,LU135,SIDM00294,ACH-001549,reference,
depmap_metadata,ACH-001550,MCC13,SIDM00007,ACH-001550,reference,
depmap_metadata,ACH-001551,MCC142,nan,ACH-001551,reference,
depmap_metadata,ACH-001552,MCC26,SIDM00006,ACH-001552,reference,
depmap_metadata,ACH-001554,MEL202,nan,ACH-001554,reference,
depmap_metadata,ACH-001555,MERO14,nan,ACH-001555,reference,
depmap_metadata,ACH-001556,MERO25,nan,ACH-001556,reference,
depmap_metadata,ACH-001557,MERO41,nan,ACH-001557,reference,
depmap_metadata,ACH-001558,MERO48A,nan,ACH-001558,reference,
depmap_metadata,ACH-001559,MERO82,nan,ACH-001559,reference,
depmap_metadata,ACH-001560,MERO83,nan,ACH-001560,reference,
depmap_metadata,ACH-001561,MERO84,nan,ACH-001561,reference,
depmap_metadata,ACH-001562,MERO95,nan,ACH-001562,reference,
depmap_metadata,ACH-001563,MM127,nan,ACH-001563,reference,
depmap_metadata,ACH-001566,MM370,nan,ACH-001566,reference,
depmap_metadata,ACH-001567,MM383,nan,ACH-001567,reference,
depmap_metadata,ACH-001568,MM386,nan,ACH-001568,reference,
depmap_metadata,ACH-001569,MM415,nan,ACH-001569,reference,
depmap_metadata,ACH-001570,MM426,nan,ACH-001570,reference,
depmap_metadata,ACH-001571,MO,nan,ACH-001571,reference,
depmap_metadata,ACH-001573,MOLM1,nan,ACH-001573,reference,
depmap_metadata,ACH-001574,MOLM14,SIDM00436,ACH-001574,reference,
depmap_metadata,ACH-001577,MUTZ8,nan,ACH-001577,reference,
depmap_metadata,ACH-001578,NCCIT,SIDM00655,ACH-001578,reference,
depmap_metadata,ACH-001591,NCIH1417,SIDM00642,ACH-001591,reference,
depmap_metadata,ACH-001598,NCIH295R,nan,ACH-001598,reference,
depmap_metadata,ACH-001599,NCIH64,SIDM01126,ACH-001599,reference,
depmap_metadata,ACH-001603,NH12,SIDM00577,ACH-001603,reference,
depmap_metadata,ACH-001605,NO10,SIDM00574,ACH-001605,reference,
depmap_metadata,ACH-001606,NO11,SIDM00573,ACH-001606,reference,
depmap_metadata,ACH-001607,NOZ,nan,ACH-001607,reference,
depmap_metadata,ACH-001608,NP2,nan,ACH-001608,reference,
depmap_metadata,ACH-001609,NP3,nan,ACH-001609,reference,
depmap_metadata,ACH-001610,NP5,nan,ACH-001610,reference,
depmap_metadata,ACH-001611,NP8,nan,ACH-001611,reference,
depmap_metadata,ACH-001613,OCIAML4,nan,ACH-001613,reference,
depmap_metadata,ACH-001616,OCILY18,nan,ACH-001616,reference,
depmap_metadata,ACH-001617,OCILY7,SIDM00459,ACH-001617,reference,
depmap_metadata,ACH-001618,OCIM2,nan,ACH-001618,reference,
depmap_metadata,ACH-001619,OCUG1,nan,ACH-001619,reference,
depmap_metadata,ACH-001622,ONDA7,nan,ACH-001622,reference,
depmap_metadata,ACH-001623,ONDA8,nan,ACH-001623,reference,
depmap_metadata,ACH-001624,ONDA9,nan,ACH-001624,reference,
depmap_metadata,ACH-001625,OSC19,SIDM00566,ACH-001625,reference,
depmap_metadata,ACH-001626,OSC20,SIDM00565,ACH-001626,reference,
depmap_metadata,ACH-001627,P4E6,nan,ACH-001627,reference,
depmap_metadata,ACH-001628,PEA1,nan,ACH-001628,reference,
depmap_metadata,ACH-001630,PEO1,SIDM00472,ACH-001630,reference,
depmap_metadata,ACH-001632,PEO4,SIDM00471,ACH-001632,reference,
depmap_metadata,ACH-001633,PEO6,SIDM00470,ACH-001633,reference,
depmap_metadata,ACH-001634,PGA1,nan,ACH-001634,reference,
depmap_metadata,ACH-001636,RAMOS,SIDM01094,ACH-001636,reference,
depmap_metadata,ACH-001638,RCK8,SIDM00448,ACH-001638,reference,
depmap_metadata,ACH-001639,ROS50,SIDM00415,ACH-001639,reference,
depmap_metadata,ACH-001641,SAT,SIDM00350,ACH-001641,reference,
depmap_metadata,ACH-001642,SCC3,SIDM00384,ACH-001642,reference,
depmap_metadata,ACH-001643,SCCH196,SIDM00031,ACH-001643,reference,
depmap_metadata,ACH-001645,SEKI,nan,ACH-001645,reference,
depmap_metadata,ACH-001647,SHI1,nan,ACH-001647,reference,
depmap_metadata,ACH-001648,SHMAC4,nan,ACH-001648,reference,
depmap_metadata,ACH-001649,SHMAC5,nan,ACH-001649,reference,
depmap_metadata,ACH-001650,SISO,SIDM00394,ACH-001650,reference,
depmap_metadata,ACH-001651,SKGI,nan,ACH-001651,reference,
depmap_metadata,ACH-001652,SKGII,nan,ACH-001652,reference,
depmap_metadata,ACH-001653,SKGT2,SIDM00393,ACH-001653,reference,
depmap_metadata,ACH-001654,SKGT4,SIDM00483,ACH-001654,reference,
depmap_metadata,ACH-001655,SKN,SIDM00377,ACH-001655,reference,
depmap_metadata,ACH-001656,SKNO1,nan,ACH-001656,reference,
depmap_metadata,ACH-001662,SNU2372,nan,ACH-001662,reference,
depmap_metadata,ACH-001664,SNU638,nan,ACH-001664,reference,
depmap_metadata,ACH-001666,STC1,nan,ACH-001666,reference,
depmap_metadata,ACH-001667,SUCCS1,nan,ACH-001667,reference,
depmap_metadata,ACH-001668,SUSA,nan,ACH-001668,reference,
depmap_metadata,ACH-001669,TANOUE,SIDM00288,ACH-001669,reference,
depmap_metadata,ACH-001670,TASK1,SIDM00026,ACH-001670,reference,
depmap_metadata,ACH-001671,TERA1,nan,ACH-001671,reference,
depmap_metadata,ACH-001672,TERA2,SIDM01142,ACH-001672,reference,
depmap_metadata,ACH-001673,TFK1,nan,ACH-001673,reference,
depmap_metadata,ACH-001674,TGW,SIDM00324,ACH-001674,reference,
depmap_metadata,ACH-001675,TR146,nan,ACH-001675,reference,
depmap_metadata,ACH-001676,TY82,nan,ACH-001676,reference,
depmap_metadata,ACH-001677,U2904,nan,ACH-001677,reference,
depmap_metadata,ACH-001678,U2940,nan,ACH-001678,reference,
depmap_metadata,ACH-001679,U2973,nan,ACH-001679,reference,
depmap_metadata,ACH-001680,U698M,SIDM00424,ACH-001680,reference,
depmap_metadata,ACH-001683,UACC3133,nan,ACH-001683,reference,
depmap_metadata,ACH-001684,UCSDAML1,nan,ACH-001684,reference,
depmap_metadata,ACH-001685,UHO1,nan,ACH-001685,reference,
depmap_metadata,ACH-001686,ULA,nan,ACH-001686,reference,
depmap_metadata,ACH-001687,UMRC3,nan,ACH-001687,reference,
depmap_metadata,ACH-001688,UMRC7,nan,ACH-001688,reference,
depmap_metadata,ACH-001690,UPCISCC026,nan,ACH-001690,reference,
depmap_metadata,ACH-001691,UPCISCC029A,nan,ACH-001691,reference,
depmap_metadata,ACH-001692,UPCISCC040,nan,ACH-001692,reference,
depmap_metadata,ACH-001693,UPCISCC072,nan,ACH-001693,reference,
depmap_metadata,ACH-001694,UPCISCC074,nan,ACH-001694,reference,
depmap_metadata,ACH-001695,UPCISCC099,nan,ACH-001695,reference,
depmap_metadata,ACH-001696,UPCISCC111,nan,ACH-001696,reference,
depmap_metadata,ACH-001697,UPCISCC114,nan,ACH-001697,reference,
depmap_metadata,ACH-001698,UPCISCC116,nan,ACH-001698,reference,
depmap_metadata,ACH-001699,UPCISCC131,nan,ACH-001699,reference,
depmap_metadata,ACH-001700,UPCISCC172,nan,ACH-001700,reference,
depmap_metadata,ACH-001701,UPCISCC200,nan,ACH-001701,reference,
depmap_metadata,ACH-001702,VAESBJ,SIDM01179,ACH-001702,reference,
depmap_metadata,ACH-001703,VAL,SIDM00416,ACH-001703,reference,
depmap_metadata,ACH-001704,VMRCMELG,SIDM00319,ACH-001704,reference,
depmap_metadata,ACH-001705,VP267,nan,ACH-001705,reference,
depmap_metadata,ACH-001707,WAOSEL,nan,ACH-001707,reference,
depmap_metadata,ACH-001708,WSUFSCCL,nan,ACH-001708,reference,
depmap_metadata,ACH-001709,WSUNHL,SIDM00412,ACH-001709,reference,
depmap_metadata,ACH-001711,PFSK1,SIDM01132,ACH-001711,reference,
depmap_metadata,ACH-001712,HS860T,nan,ACH-001712,reference,
depmap_metadata,ACH-001715,CAL72,SIDM00930,ACH-001715,reference,
depmap_metadata,ACH-001716,GOTO,SIDM00544,ACH-001716,reference,
depmap_metadata,ACH-001719,OCIC4P,nan,ACH-001719,reference,
depmap_metadata,ACH-001735,SEMK2,nan,ACH-001735,reference,
depmap_metadata,ACH-001736,HB1119,nan,ACH-001736,reference,
depmap_metadata,ACH-001737,CCRFHSB2DM,nan,ACH-001737,reference,
depmap_metadata,ACH-001738,CCRFCEM,SIDM00121,ACH-001738,reference,
depmap_metadata,ACH-001740,RH28,nan,ACH-001740,reference,
depmap_metadata,ACH-001743,RC2,nan,ACH-001743,reference,
depmap_metadata,ACH-001745,RHJT,nan,ACH-001745,reference,
depmap_metadata,ACH-001750,TTC442,nan,ACH-001750,reference,
depmap_metadata,ACH-001751,RH36,nan,ACH-001751,reference,
depmap_metadata,ACH-001756,RDPCDNA1,nan,ACH-001756,reference,
depmap_metadata,ACH-001758,RDP3F7,nan,ACH-001758,reference,
depmap_metadata,ACH-001759,RDP3F9,nan,ACH-001759,reference,
depmap_metadata,ACH-001760,RDP3F14,nan,ACH-001760,reference,
depmap_metadata,ACH-001765,RH4,nan,ACH-001765,reference,
depmap_metadata,ACH-001767,CCLFPEDS0018T,nan,ACH-001767,reference,
depmap_metadata,ACH-001786,SNU1544,nan,ACH-001786,reference,
depmap_metadata,ACH-001791,LPS6,nan,ACH-001791,reference,
depmap_metadata,ACH-001793,LPS27,nan,ACH-001793,reference,
depmap_metadata,ACH-001794,93T449,nan,ACH-001794,reference,
depmap_metadata,ACH-001795,94T778,nan,ACH-001795,reference,
depmap_metadata,ACH-001796,95T1000,nan,ACH-001796,reference,
depmap_metadata,ACH-001799,LPS141,nan,ACH-001799,reference,
depmap_metadata,ACH-001802,LPS853,nan,ACH-001802,reference,
depmap_metadata,ACH-001804,LPS510,nan,ACH-001804,reference,
depmap_metadata,ACH-001807,LPS067,nan,ACH-001807,reference,
depmap_metadata,ACH-001813,C242,nan,ACH-001813,reference,
depmap_metadata,ACH-001814,OS252,nan,ACH-001814,reference,
depmap_metadata,ACH-001817,C393,nan,ACH-001817,reference,
depmap_metadata,ACH-001818,C396,nan,ACH-001818,reference,
depmap_metadata,ACH-001819,MFM223,SIDM00332,ACH-001819,reference,
depmap_metadata,ACH-001820,COLO824,SIDM00954,ACH-001820,reference,
depmap_metadata,ACH-001825,SW527,nan,ACH-001825,reference,
depmap_metadata,ACH-001828,HCC1739BL,nan,ACH-001828,reference,
depmap_metadata,ACH-001834,MGHICC10,nan,ACH-001834,reference,
depmap_metadata,ACH-001835,MGHICC106,nan,ACH-001835,reference,
depmap_metadata,ACH-001836,MGHICC108,nan,ACH-001836,reference,
depmap_metadata,ACH-001838,MGHICC12,nan,ACH-001838,reference,
depmap_metadata,ACH-001839,MGHICC137,nan,ACH-001839,reference,
depmap_metadata,ACH-001841,MGHECC3,nan,ACH-001841,reference,
depmap_metadata,ACH-001842,MGHICC2,nan,ACH-001842,reference,
depmap_metadata,ACH-001843,MGHECC4,nan,ACH-001843,reference,
depmap_metadata,ACH-001844,MGHICC4,nan,ACH-001844,reference,
depmap_metadata,ACH-001845,MGHICC5,nan,ACH-001845,reference,
depmap_metadata,ACH-001846,MGHICC6,nan,ACH-001846,reference,
depmap_metadata,ACH-001847,MGHICC7,nan,ACH-001847,reference,
depmap_metadata,ACH-001848,MGHICC8,nan,ACH-001848,reference,
depmap_metadata,ACH-001849,MGHICC9,nan,ACH-001849,reference,
depmap_metadata,ACH-001850,G415,nan,ACH-001850,reference,
depmap_metadata,ACH-001852,HKGZCC,nan,ACH-001852,reference,
depmap_metadata,ACH-001853,KMCH1,nan,ACH-001853,reference,
depmap_metadata,ACH-001854,MMNK1,nan,ACH-001854,reference,
depmap_metadata,ACH-001855,OZ,nan,ACH-001855,reference,
depmap_metadata,ACH-001856,RBE,nan,ACH-001856,reference,
depmap_metadata,ACH-001857,SG231,nan,ACH-001857,reference,
depmap_metadata,ACH-001858,SSP25,SIDM00275,ACH-001858,reference,
depmap_metadata,ACH-001861,TGBC1TKB,SIDM00252,ACH-001861,reference,
depmap_metadata,ACH-001862,TGBC52TKB,nan,ACH-001862,reference,
depmap_metadata,ACH-001863,TKKK,nan,ACH-001863,reference,
depmap_metadata,ACH-001864,YSCCC,nan,ACH-001864,reference,
depmap_metadata,ACH-001949,MAMEL46,nan,ACH-001949,reference,
depmap_metadata,ACH-001953,MAMEL27,nan,ACH-001953,reference,
depmap_metadata,ACH-001958,MS1,SIDM00245,ACH-001958,reference,
depmap_metadata,ACH-001959,CCLP1,nan,ACH-001959,reference,
depmap_metadata,ACH-001960,CCSW1,nan,ACH-001960,reference,
depmap_metadata,ACH-001961,MGHGB2,nan,ACH-001961,reference,
depmap_metadata,ACH-001970,MM253,nan,ACH-001970,reference,
depmap_metadata,ACH-001971,MM466,nan,ACH-001971,reference,
depmap_metadata,ACH-001972,MM473,nan,ACH-001972,reference,
depmap_metadata,ACH-001973,MM485,nan,ACH-001973,reference,
depmap_metadata,ACH-001974,MM537,nan,ACH-001974,reference,
depmap_metadata,ACH-001975,MM576,nan,ACH-001975,reference,
depmap_metadata,ACH-001976,MM603,nan,ACH-001976,reference,
depmap_metadata,ACH-001977,NO36,nan,ACH-001977,reference,
depmap_metadata,ACH-001978,NZM1,nan,ACH-001978,reference,
depmap_metadata,ACH-001979,NZM11,nan,ACH-001979,reference,
depmap_metadata,ACH-001980,NZM12,nan,ACH-001980,reference,
depmap_metadata,ACH-001981,NZM2,nan,ACH-001981,reference,
depmap_metadata,ACH-001982,NZM3,nan,ACH-001982,reference,
depmap_metadata,ACH-001983,NZM30,nan,ACH-001983,reference,
depmap_metadata,ACH-001984,NZM4,nan,ACH-001984,reference,
depmap_metadata,ACH-001985,NZM40,nan,ACH-001985,reference,
depmap_metadata,ACH-001986,NZM42,nan,ACH-001986,reference,
depmap_metadata,ACH-001987,NZM43,nan,ACH-001987,reference,
depmap_metadata,ACH-001988,NZM5,nan,ACH-001988,reference,
depmap_metadata,ACH-001989,NZM6,nan,ACH-001989,reference,
depmap_metadata,ACH-001990,NZM7,nan,ACH-001990,reference,
depmap_metadata,ACH-001991,NZOV9,nan,ACH-001991,reference,
depmap_metadata,ACH-001992,ONE58,nan,ACH-001992,reference,
depmap_metadata,ACH-001993,NALM16,nan,ACH-001993,reference,
depmap_metadata,ACH-001994,MGHICC16,nan,ACH-001994,reference,
depmap_metadata,ACH-001996,MGHICC18,nan,ACH-001996,reference,
depmap_metadata,ACH-001997,MGHAOVC1,nan,ACH-001997,reference,
depmap_metadata,ACH-001999,9505BIK,nan,ACH-001999,reference,
depmap_metadata,ACH-002001,A375DABTRAMR,nan,ACH-002001,reference,
depmap_metadata,ACH-002002,A375SCH772984R,nan,ACH-002002,reference,
depmap_metadata,ACH-002003,A375DABR,nan,ACH-002003,reference,
depmap_metadata,ACH-002004,UACC62DABTRAMR,nan,ACH-002004,reference,
depmap_metadata,ACH-002005,SKMEL19,nan,ACH-002005,reference,
depmap_metadata,ACH-002010,MP41,nan,ACH-002010,reference,
depmap_metadata,ACH-002011,MP46,nan,ACH-002011,reference,
depmap_metadata,ACH-002013,MM28,nan,ACH-002013,reference,
depmap_metadata,ACH-002014,MEL270,nan,ACH-002014,reference,
depmap_metadata,ACH-002015,MEL285,nan,ACH-002015,reference,
depmap_metadata,ACH-002016,MEL290,nan,ACH-002016,reference,
depmap_metadata,ACH-002017,OMM1,nan,ACH-002017,reference,
depmap_metadata,ACH-002018,OMM25,nan,ACH-002018,reference,
depmap_metadata,ACH-002019,HOKUG,nan,ACH-002019,reference,
depmap_metadata,ACH-002020,SKGIIIA,SIDM00381,ACH-002020,reference,
depmap_metadata,ACH-002021,T3M3,nan,ACH-002021,reference,
depmap_metadata,ACH-002023,TGBC18TKB,nan,ACH-002023,reference,
depmap_metadata,ACH-002024,ECC4,SIDM00069,ACH-002024,reference,
depmap_metadata,ACH-002025,TT1TKB,nan,ACH-002025,reference,
depmap_metadata,ACH-002026,HHUA,nan,ACH-002026,reference,
depmap_metadata,ACH-002027,HOUAI,nan,ACH-002027,reference,
depmap_metadata,ACH-002029,SAS,SIDM00351,ACH-002029,reference,
depmap_metadata,ACH-002030,SA3,nan,ACH-002030,reference,
depmap_metadata,ACH-002033,HMMME,nan,ACH-002033,reference,
depmap_metadata,ACH-002034,T3M11,nan,ACH-002034,reference,
depmap_metadata,ACH-002035,LCAM1,nan,ACH-002035,reference,
depmap_metadata,ACH-002036,WAHT,nan,ACH-002036,reference,
depmap_metadata,ACH-002038,HSKTC,nan,ACH-002038,reference,
depmap_metadata,ACH-002039,PK8,nan,ACH-002039,reference,
depmap_metadata,ACH-002040,HMVII,SIDM00291,ACH-002040,reference,
depmap_metadata,ACH-002041,HOTHC,nan,ACH-002041,reference,
depmap_metadata,ACH-002042,T3M5,nan,ACH-002042,reference,
depmap_metadata,ACH-002043,CA922,SIDM00489,ACH-002043,reference,
depmap_metadata,ACH-002044,HSQ89,nan,ACH-002044,reference,
depmap_metadata,ACH-002045,HO1U1,SIDM00591,ACH-002045,reference,
depmap_metadata,ACH-002046,HTMMT,nan,ACH-002046,reference,
depmap_metadata,ACH-002047,HIRSBM,nan,ACH-002047,reference,
depmap_metadata,ACH-002048,RMSYM,nan,ACH-002048,reference,
depmap_metadata,ACH-002050,HTST,nan,ACH-002050,reference,
depmap_metadata,ACH-002051,LU134A,SIDM00296,ACH-002051,reference,
depmap_metadata,ACH-002052,LU139,SIDM00293,ACH-002052,reference,
depmap_metadata,ACH-002055,TL1,nan,ACH-002055,reference,
depmap_metadata,ACH-002058,ATN1,SIDM00233,ACH-002058,reference,
depmap_metadata,ACH-002059,P30OHK,SIDM00364,ACH-002059,reference,
depmap_metadata,ACH-002060,MY,SIDM00563,ACH-002060,reference,
depmap_metadata,ACH-002061,P2URK562,nan,ACH-002061,reference,
depmap_metadata,ACH-002062,SLVL,SIDM00374,ACH-002062,reference,
depmap_metadata,ACH-002065,HSPSS,nan,ACH-002065,reference,
depmap_metadata,ACH-002066,HSSCH2,nan,ACH-002066,reference,
depmap_metadata,ACH-002067,NOS1,SIDM00242,ACH-002067,reference,
depmap_metadata,ACH-002069,HSOS1,nan,ACH-002069,reference,
depmap_metadata,ACH-002070,HKBMM,nan,ACH-002070,reference,
depmap_metadata,ACH-002074,LU143,nan,ACH-002074,reference,
depmap_metadata,ACH-002075,LU138,nan,ACH-002075,reference,
depmap_metadata,ACH-002077,LU165,SIDM00292,ACH-002077,reference,
depmap_metadata,ACH-002080,TN2,nan,ACH-002080,reference,
depmap_metadata,ACH-002083,NB69,SIDM00244,ACH-002083,reference,
depmap_metadata,ACH-002084,MMAC,SIDM00246,ACH-002084,reference,
depmap_metadata,ACH-002085,HSSYII,nan,ACH-002085,reference,
depmap_metadata,ACH-002089,201T,SIDM00055,ACH-002089,reference,
depmap_metadata,ACH-002090,BB65RCC,SIDM00191,ACH-002090,reference,
depmap_metadata,ACH-002091,CAL39,SIDM00935,ACH-002091,reference,
depmap_metadata,ACH-002092,CHSA0011,SIDM00051,ACH-002092,reference,
depmap_metadata,ACH-002093,CHSA0108,SIDM00050,ACH-002093,reference,
depmap_metadata,ACH-002094,CHSA8926,SIDM00176,ACH-002094,reference,
depmap_metadata,ACH-002095,CORL303,SIDM00510,ACH-002095,reference,
depmap_metadata,ACH-002096,CP50MELB,SIDM00175,ACH-002096,reference,
depmap_metadata,ACH-002097,CP66MEL,SIDM00190,ACH-002097,reference,
depmap_metadata,ACH-002098,CP67MEL,SIDM00189,ACH-002098,reference,
depmap_metadata,ACH-002099,CS1,SIDM00199,ACH-002099,reference,
depmap_metadata,ACH-002100,DJM1,SIDM00281,ACH-002100,reference,
depmap_metadata,ACH-002101,EMCBAC1,SIDM00048,ACH-002101,reference,
depmap_metadata,ACH-002102,EMCBAC2,SIDM00047,ACH-002102,reference,
depmap_metadata,ACH-002103,ES1,SIDM00266,ACH-002103,reference,
depmap_metadata,ACH-002104,ES3,SIDM00265,ACH-002104,reference,
depmap_metadata,ACH-002105,ES4,SIDM00264,ACH-002105,reference,
depmap_metadata,ACH-002106,ES5,SIDM00263,ACH-002106,reference,
depmap_metadata,ACH-002107,ES6,SIDM00262,ACH-002107,reference,
depmap_metadata,ACH-002108,ES7,SIDM00269,ACH-002108,reference,
depmap_metadata,ACH-002109,ES8,SIDM00261,ACH-002109,reference,
depmap_metadata,ACH-002110,EW1,SIDM00205,ACH-002110,reference,
depmap_metadata,ACH-002111,EW11,SIDM00203,ACH-002111,reference,
depmap_metadata,ACH-002112,EW12,SIDM00200,ACH-002112,reference,
depmap_metadata,ACH-002113,EW13,SIDM00621,ACH-002113,reference,
depmap_metadata,ACH-002114,EW16,SIDM00198,ACH-002114,reference,
depmap_metadata,ACH-002115,EW18,SIDM00197,ACH-002115,reference,
depmap_metadata,ACH-002116,EW22,SIDM00196,ACH-002116,reference,
depmap_metadata,ACH-002117,EW24,SIDM00195,ACH-002117,reference,
depmap_metadata,ACH-002118,EW3,SIDM00202,ACH-002118,reference,
depmap_metadata,ACH-002119,EW7,SIDM00201,ACH-002119,reference,
depmap_metadata,ACH-002120,GAK,SIDM00543,ACH-002120,reference,
depmap_metadata,ACH-002121,GMEL,SIDM00129,ACH-002121,reference,
depmap_metadata,ACH-002122,GT3TKB,SIDM01231,ACH-002122,reference,
depmap_metadata,ACH-002123,H2369,SIDM00104,ACH-002123,reference,
depmap_metadata,ACH-002124,H2373,SIDM00103,ACH-002124,reference,
depmap_metadata,ACH-002125,H2461,SIDM00102,ACH-002125,reference,
depmap_metadata,ACH-002126,H2591,SIDM00101,ACH-002126,reference,
depmap_metadata,ACH-002127,H2595,SIDM00100,ACH-002127,reference,
depmap_metadata,ACH-002128,H2722,SIDM00099,ACH-002128,reference,
depmap_metadata,ACH-002129,H2731,SIDM00098,ACH-002129,reference,
depmap_metadata,ACH-002130,H2795,SIDM00154,ACH-002130,reference,
depmap_metadata,ACH-002131,H2803,SIDM00309,ACH-002131,reference,
depmap_metadata,ACH-002132,H2804,SIDM00310,ACH-002132,reference,
depmap_metadata,ACH-002133,H2810,SIDM00311,ACH-002133,reference,
depmap_metadata,ACH-002134,H2818,SIDM00520,ACH-002134,reference,
depmap_metadata,ACH-002135,H2869,SIDM00519,ACH-002135,reference,
depmap_metadata,ACH-002136,H290,SIDM00518,ACH-002136,reference,
depmap_metadata,ACH-002138,H513,SIDM00114,ACH-002138,reference,
depmap_metadata,ACH-002139,HA7RCC,SIDM00188,ACH-002139,reference,
depmap_metadata,ACH-002140,HEY,SIDM00968,ACH-002140,reference,
depmap_metadata,ACH-002141,HSC39,SIDM00045,ACH-002141,reference,
depmap_metadata,ACH-002142,HUO3N1,SIDM00584,ACH-002142,reference,
depmap_metadata,ACH-002143,ISTMEL1,SIDM00225,ACH-002143,reference,
depmap_metadata,ACH-002144,ISTSL1,SIDM00223,ACH-002144,reference,
depmap_metadata,ACH-002145,ISTSL2,SIDM00230,ACH-002145,reference,
depmap_metadata,ACH-002146,JHOS3,SIDM00304,ACH-002146,reference,
depmap_metadata,ACH-002147,K2,SIDM00126,ACH-002147,reference,
depmap_metadata,ACH-002148,K5,SIDM00056,ACH-002148,reference,
depmap_metadata,ACH-002149,KGN,SIDM00302,ACH-002149,reference,
depmap_metadata,ACH-002150,LB1047RCC,SIDM00187,ACH-002150,reference,
depmap_metadata,ACH-002151,LB2241RCC,SIDM00186,ACH-002151,reference,
depmap_metadata,ACH-002152,LB2518MEL,SIDM00185,ACH-002152,reference,
depmap_metadata,ACH-002153,LB373MELD,SIDM00184,ACH-002153,reference,
depmap_metadata,ACH-002154,LB647SCLC,SIDM00183,ACH-002154,reference,
depmap_metadata,ACH-002155,LB996RCC,SIDM00180,ACH-002155,reference,
depmap_metadata,ACH-002156,LC1SQ,SIDM00300,ACH-002156,reference,
depmap_metadata,ACH-002157,LC2AD,SIDM00297,ACH-002157,reference,
depmap_metadata,ACH-002158,LU99A,SIDM01219,ACH-002158,reference,
depmap_metadata,ACH-002159,M14,SIDM00003,ACH-002159,reference,
depmap_metadata,ACH-002160,MCIXC,SIDM01246,ACH-002160,reference,
depmap_metadata,ACH-002161,MKN28,SIDM00260,ACH-002161,reference,
depmap_metadata,ACH-002162,MMACSF,SIDM01242,ACH-002162,reference,
depmap_metadata,ACH-002163,MRKNU1,SIDM00562,ACH-002163,reference,
depmap_metadata,ACH-002164,MZ1PC,SIDM00053,ACH-002164,reference,
depmap_metadata,ACH-002165,MZ2MEL,SIDM00179,ACH-002165,reference,
depmap_metadata,ACH-002166,MZ7MEL,SIDM00516,ACH-002166,reference,
depmap_metadata,ACH-002167,NCC010,SIDM00231,ACH-002167,reference,
depmap_metadata,ACH-002168,NCC021,SIDM00232,ACH-002168,reference,
depmap_metadata,ACH-002169,NCIH1304,SIDM00648,ACH-002169,reference,
depmap_metadata,ACH-002170,NCIH1688,SIDM00792,ACH-002170,reference,
depmap_metadata,ACH-002171,NCIH250,SIDM00721,ACH-002171,reference,
depmap_metadata,ACH-002172,NCIH322M,SIDM00117,ACH-002172,reference,
depmap_metadata,ACH-002173,NCIH378,SIDM00915,ACH-002173,reference,
depmap_metadata,ACH-002174,NCIH720,SIDM01120,ACH-002174,reference,
depmap_metadata,ACH-002175,NCIH740,SIDM01118,ACH-002175,reference,
depmap_metadata,ACH-002177,NCIH835,SIDM01133,ACH-002177,reference,
depmap_metadata,ACH-002178,NY,SIDM00569,ACH-002178,reference,
depmap_metadata,ACH-002179,OCUBM,SIDM00241,ACH-002179,reference,
depmap_metadata,ACH-002180,OMC1,SIDM00240,ACH-002180,reference,
depmap_metadata,ACH-002181,OVCA420,SIDM00967,ACH-002181,reference,
depmap_metadata,ACH-002182,OVCA433,SIDM00966,ACH-002182,reference,
depmap_metadata,ACH-002183,OVMIU,SIDM00465,ACH-002183,reference,
depmap_metadata,ACH-002184,PC3JPC3,SIDM00361,ACH-002184,reference,
depmap_metadata,ACH-002186,PL4,SIDM00042,ACH-002186,reference,
depmap_metadata,ACH-002187,RCCAB,SIDM00821,ACH-002187,reference,
depmap_metadata,ACH-002188,RCCER,SIDM00820,ACH-002188,reference,
depmap_metadata,ACH-002189,RCCFG2,SIDM00819,ACH-002189,reference,
depmap_metadata,ACH-002190,RCCJF,SIDM00818,ACH-002190,reference,
depmap_metadata,ACH-002191,RCCJW,SIDM00817,ACH-002191,reference,
depmap_metadata,ACH-002192,RCCMF,SIDM00816,ACH-002192,reference,
depmap_metadata,ACH-002193,RERFLCFM,SIDM00357,ACH-002193,reference,
depmap_metadata,ACH-002195,RXF393,SIDM00086,ACH-002195,reference,
depmap_metadata,ACH-002196,SBC1,SIDM00365,ACH-002196,reference,
depmap_metadata,ACH-002197,SBC3,SIDM00367,ACH-002197,reference,
depmap_metadata,ACH-002198,SCH,SIDM00383,ACH-002198,reference,
depmap_metadata,ACH-002199,SN12C,SIDM00094,ACH-002199,reference,
depmap_metadata,ACH-002200,SW962,SIDM01178,ACH-002200,reference,
depmap_metadata,ACH-002201,TCYIK,SIDM00234,ACH-002201,reference,
depmap_metadata,ACH-002202,TMK1,SIDM00040,ACH-002202,reference,
depmap_metadata,ACH-002204,UCH2,SIDM01185,ACH-002204,reference,
depmap_metadata,ACH-002205,WM1552C,SIDM00976,ACH-002205,reference,
depmap_metadata,ACH-002206,WM278,SIDM00975,ACH-002206,reference,
depmap_metadata,ACH-002207,WM35,SIDM00974,ACH-002207,reference,
depmap_metadata,ACH-002208,YMB1E,SIDM01261,ACH-002208,reference,
depmap_metadata,ACH-002209,ALLPO,SIDM00211,ACH-002209,reference,
depmap_metadata,ACH-002210,ARH77,SIDM00900,ACH-002210,reference,
depmap_metadata,ACH-002211,BALL1,SIDM00287,ACH-002211,reference,
depmap_metadata,ACH-002212,BB30HNC,SIDM00172,ACH-002212,reference,
depmap_metadata,ACH-002213,BB49HNC,SIDM00174,ACH-002213,reference,
depmap_metadata,ACH-002214,BC1,SIDM00896,ACH-002214,reference,
depmap_metadata,ACH-002215,BC3,SIDM00895,ACH-002215,reference,
depmap_metadata,ACH-002216,BE13,SIDM01245,ACH-002216,reference,
depmap_metadata,ACH-002217,BE2M17,SIDM01229,ACH-002217,reference,
depmap_metadata,ACH-002218,CESS,SIDM00917,ACH-002218,reference,
depmap_metadata,ACH-002219,COLO320HSR,SIDM00842,ACH-002219,reference,
depmap_metadata,ACH-002220,CROAP2,SIDM00952,ACH-002220,reference,
depmap_metadata,ACH-002221,CTB1,SIDM00283,ACH-002221,reference,
depmap_metadata,ACH-002222,CTV1,SIDM00951,ACH-002222,reference,
depmap_metadata,ACH-002223,D245MG,SIDM01021,ACH-002223,reference,
depmap_metadata,ACH-002224,D247MG,SIDM00622,ACH-002224,reference,
depmap_metadata,ACH-002225,D263MG,SIDM00732,ACH-002225,reference,
depmap_metadata,ACH-002226,D336MG,SIDM00620,ACH-002226,reference,
depmap_metadata,ACH-002227,D392MG,SIDM00542,ACH-002227,reference,
depmap_metadata,ACH-002228,D423MG,SIDM00209,ACH-002228,reference,
depmap_metadata,ACH-002229,D502MG,SIDM00208,ACH-002229,reference,
depmap_metadata,ACH-002230,D542MG,SIDM00207,ACH-002230,reference,
depmap_metadata,ACH-002231,D566MG,SIDM00206,ACH-002231,reference,
depmap_metadata,ACH-002232,DG75,SIDM00948,ACH-002232,reference,
depmap_metadata,ACH-002233,DIFI,SIDM00049,ACH-002233,reference,
depmap_metadata,ACH-002234,DOK,SIDM00540,ACH-002234,reference,
depmap_metadata,ACH-002235,DSH1,SIDM00970,ACH-002235,reference,
depmap_metadata,ACH-002236,EB3,SIDM00793,ACH-002236,reference,
depmap_metadata,ACH-002237,ETK1,SIDM00276,ACH-002237,reference,
depmap_metadata,ACH-002238,GRST,SIDM01259,ACH-002238,reference,
depmap_metadata,ACH-002239,H3118,SIDM00517,ACH-002239,reference,
depmap_metadata,ACH-002240,H9,SIDM01251,ACH-002240,reference,
depmap_metadata,ACH-002241,HAL01,SIDM00289,ACH-002241,reference,
depmap_metadata,ACH-002242,HC1,SIDM01073,ACH-002242,reference,
depmap_metadata,ACH-002243,HCE4,SIDM00052,ACH-002243,reference,
depmap_metadata,ACH-002244,HO1N1,SIDM00592,ACH-002244,reference,
depmap_metadata,ACH-002245,HS445,SIDM00668,ACH-002245,reference,
depmap_metadata,ACH-002246,HS633T,SIDM00667,ACH-002246,reference,
depmap_metadata,ACH-002247,IM9,SIDM00632,ACH-002247,reference,
depmap_metadata,ACH-002248,IMR5,SIDM01206,ACH-002248,reference,
depmap_metadata,ACH-002249,JHU011,SIDM00128,ACH-002249,reference,
depmap_metadata,ACH-002250,JHU022,SIDM00127,ACH-002250,reference,
depmap_metadata,ACH-002251,JHU029,SIDM00690,ACH-002251,reference,
depmap_metadata,ACH-002252,JIYOYEP2003,SIDM00808,ACH-002252,reference,
depmap_metadata,ACH-002253,JSC1,SIDM00688,ACH-002253,reference,
depmap_metadata,ACH-002254,KARPAS1106P,SIDM01011,ACH-002254,reference,
depmap_metadata,ACH-002255,KARPAS231,SIDM01017,ACH-002255,reference,
depmap_metadata,ACH-002256,KARPAS45,SIDM01007,ACH-002256,reference,
depmap_metadata,ACH-002257,KINGS1,SIDM00612,ACH-002257,reference,
depmap_metadata,ACH-002258,KMOE2,SIDM01019,ACH-002258,reference,
depmap_metadata,ACH-002259,KNS81FD,SIDM01210,ACH-002259,reference,
depmap_metadata,ACH-002261,KPNYS,SIDM00157,ACH-002261,reference,
depmap_metadata,ACH-002262,KY821,SIDM00553,ACH-002262,reference,
depmap_metadata,ACH-002263,KYSE220,SIDM00551,ACH-002263,reference,
depmap_metadata,ACH-002264,KYSE50,SIDM00550,ACH-002264,reference,
depmap_metadata,ACH-002265,LB771HNC,SIDM00182,ACH-002265,reference,
depmap_metadata,ACH-002266,LB831BLC,SIDM00181,ACH-002266,reference,
depmap_metadata,ACH-002267,LC41,SIDM00549,ACH-002267,reference,
depmap_metadata,ACH-002268,LN405,SIDM00343,ACH-002268,reference,
depmap_metadata,ACH-002269,LNZTA3WT4,SIDM01220,ACH-002269,reference,
depmap_metadata,ACH-002270,MCCAR,SIDM00636,ACH-002270,reference,
depmap_metadata,ACH-002271,MFHINO,SIDM00299,ACH-002271,reference,
depmap_metadata,ACH-002272,MHHPREB1,SIDM00388,ACH-002272,reference,
depmap_metadata,ACH-002273,ML2,SIDM00441,ACH-002273,reference,
depmap_metadata,ACH-002274,MLMA,SIDM00561,ACH-002274,reference,
depmap_metadata,ACH-002275,MN60,SIDM00438,ACH-002275,reference,
depmap_metadata,ACH-002276,MYM12,SIDM01217,ACH-002276,reference,
depmap_metadata,ACH-002277,NBTU110,SIDM00579,ACH-002277,reference,
depmap_metadata,ACH-002278,NB10,SIDM00259,ACH-002278,reference,
depmap_metadata,ACH-002279,NB12,SIDM00258,ACH-002279,reference,
depmap_metadata,ACH-002280,NB13,SIDM00257,ACH-002280,reference,
depmap_metadata,ACH-002281,NB14,SIDM00256,ACH-002281,reference,
depmap_metadata,ACH-002282,NB17,SIDM00255,ACH-002282,reference,
depmap_metadata,ACH-002283,NB5,SIDM00254,ACH-002283,reference,
depmap_metadata,ACH-002284,NB6,SIDM00253,ACH-002284,reference,
depmap_metadata,ACH-002285,NB7,SIDM00156,ACH-002285,reference,
depmap_metadata,ACH-002286,NCIH128,SIDM00650,ACH-002286,reference,
depmap_metadata,ACH-002287,NCIH630,nan,ACH-002287,reference,
depmap_metadata,ACH-002288,NEC8,SIDM00243,ACH-002288,reference,
depmap_metadata,ACH-002289,NK92MI,SIDM01201,ACH-002289,reference,
depmap_metadata,ACH-002290,NKM1,SIDM00576,ACH-002290,reference,
depmap_metadata,ACH-002291,NTERA2CLD1,SIDM01203,ACH-002291,reference,
depmap_metadata,ACH-002292,OACP4C,SIDM00445,ACH-002292,reference,
depmap_metadata,ACH-002293,P32ISH,SIDM00362,ACH-002293,reference,
depmap_metadata,ACH-002294,PCI15A,SIDM00270,ACH-002294,reference,
depmap_metadata,ACH-002295,PCI30,SIDM00044,ACH-002295,reference,
depmap_metadata,ACH-002296,PCI38,SIDM00155,ACH-002296,reference,
depmap_metadata,ACH-002297,PCI4B,SIDM00043,ACH-002297,reference,
depmap_metadata,ACH-002298,PCI6A,SIDM00115,ACH-002298,reference,
depmap_metadata,ACH-002299,QIMRWIL,SIDM00467,ACH-002299,reference,
depmap_metadata,ACH-002300,RAMOS2G64C10,SIDM01247,ACH-002300,reference,
depmap_metadata,ACH-002301,RF48,SIDM01092,ACH-002301,reference,
depmap_metadata,ACH-002302,RPMI8866,SIDM00482,ACH-002302,reference,
depmap_metadata,ACH-002304,SKMG1,SIDM00379,ACH-002304,reference,
depmap_metadata,ACH-002305,SKN3,SIDM00375,ACH-002305,reference,
depmap_metadata,ACH-002306,STS0421,SIDM00041,ACH-002306,reference,
depmap_metadata,ACH-002307,SUDHL16,SIDM00404,ACH-002307,reference,
depmap_metadata,ACH-002308,SUPB8,SIDM01177,ACH-002308,reference,
depmap_metadata,ACH-002309,SW684,SIDM01175,ACH-002309,reference,
depmap_metadata,ACH-002310,SW872,SIDM01159,ACH-002310,reference,
depmap_metadata,ACH-002311,TE12,SIDM00023,ACH-002311,reference,
depmap_metadata,ACH-002312,TGBC24TKB,SIDM00267,ACH-002312,reference,
depmap_metadata,ACH-002313,TK,SIDM00323,ACH-002313,reference,
depmap_metadata,ACH-002314,TUR,SIDM01205,ACH-002314,reference,
depmap_metadata,ACH-002316,WIL2NS,SIDM01102,ACH-002316,reference,
depmap_metadata,ACH-002317,YT,SIDM00410,ACH-002317,reference,
depmap_metadata,ACH-002320,600MPE,nan,ACH-002320,reference,
depmap_metadata,ACH-002321,HBL100,nan,ACH-002321,reference,
depmap_metadata,ACH-002322,HCC2185,nan,ACH-002322,reference,
depmap_metadata,ACH-002323,HCC2688,nan,ACH-002323,reference,
depmap_metadata,ACH-002324,HCC3153,nan,ACH-002324,reference,
depmap_metadata,ACH-002326,MACLS2,nan,ACH-002326,reference,
depmap_metadata,ACH-002327,MCF12A,nan,ACH-002327,reference,
depmap_metadata,ACH-002328,MX1,nan,ACH-002328,reference,
depmap_metadata,ACH-002329,SKBR5,nan,ACH-002329,reference,
depmap_metadata,ACH-002330,SKBR7,nan,ACH-002330,reference,
depmap_metadata,ACH-002331,ZR75B,nan,ACH-002331,reference,
depmap_metadata,ACH-002332,GISTT1,nan,ACH-002332,reference,
depmap_metadata,ACH-002333,HCC827GR,nan,ACH-002333,reference,
depmap_metadata,ACH-002334,SS1A,nan,ACH-002334,reference,
depmap_metadata,ACH-002336,HCET,SIDM00075,ACH-002336,reference,
depmap_metadata,ACH-002337,JHU028,SIDM00902,ACH-002337,reference,
depmap_metadata,ACH-002338,M980513,SIDM00177,ACH-002338,reference,
depmap_metadata,ACH-002339,MOT,SIDM00623,ACH-002339,reference,
depmap_metadata,ACH-002340,NBSUSSR,SIDM00002,ACH-002340,reference,
depmap_metadata,ACH-002342,BB30PBL,nan,ACH-002342,reference,
depmap_metadata,ACH-002343,BB49EBV,nan,ACH-002343,reference,
depmap_metadata,ACH-002344,BB65EBV,nan,ACH-002344,reference,
depmap_metadata,ACH-002345,CAR1,SIDM00488,ACH-002345,reference,
depmap_metadata,ACH-002346,CP50EBV,SIDM01716,ACH-002346,reference,
depmap_metadata,ACH-002347,CP66EBV,SIDM01715,ACH-002347,reference,
depmap_metadata,ACH-002348,HSJDDIPG007,SIDM01714,ACH-002348,reference,
depmap_metadata,ACH-002349,GBM001,nan,ACH-002349,reference,
depmap_metadata,ACH-002350,HA7EBV,SIDM01711,ACH-002350,reference,
depmap_metadata,ACH-002351,L542,nan,ACH-002351,reference,
depmap_metadata,ACH-002352,LB1047EBV,nan,ACH-002352,reference,
depmap_metadata,ACH-002353,LB2241EBV,nan,ACH-002353,reference,
depmap_metadata,ACH-002354,LB2518EBV,nan,ACH-002354,reference,
depmap_metadata,ACH-002355,LB373EBV,nan,ACH-002355,reference,
depmap_metadata,ACH-002356,LB647PBL,nan,ACH-002356,reference,
depmap_metadata,ACH-002357,LB771PBL,nan,ACH-002357,reference,
depmap_metadata,ACH-002358,LB831EBV,nan,ACH-002358,reference,
depmap_metadata,ACH-002360,MZ1B,SIDM01878,ACH-002360,reference,
depmap_metadata,ACH-002361,MZ7B,SIDM01879,ACH-002361,reference,
depmap_metadata,ACH-002362,NCIBL128,nan,ACH-002362,reference,
depmap_metadata,ACH-002363,NCIBL1395,SIDM00643,ACH-002363,reference,
depmap_metadata,ACH-002364,NCIBL1437,nan,ACH-002364,reference,
depmap_metadata,ACH-002365,NCIBL1770,SIDM00752,ACH-002365,reference,
depmap_metadata,ACH-002366,NCIBL2009,SIDM00736,ACH-002366,reference,
depmap_metadata,ACH-002367,NCIBL2052,SIDM00712,ACH-002367,reference,
depmap_metadata,ACH-002368,NCIBL2087,SIDM00707,ACH-002368,reference,
depmap_metadata,ACH-002369,NCIBL209,SIDM00705,ACH-002369,reference,
depmap_metadata,ACH-002370,NCIBL2122,SIDM00701,ACH-002370,reference,
depmap_metadata,ACH-002371,NCIBL2126,SIDM00790,ACH-002371,reference,
depmap_metadata,ACH-002372,NCIBL2171,SIDM00717,ACH-002372,reference,
depmap_metadata,ACH-002373,HCC1187BL,SIDM00869,ACH-002373,reference,
depmap_metadata,ACH-002374,HCC1599BL,SIDM00876,ACH-002374,reference,
depmap_metadata,ACH-002375,HCC1937BL,SIDM00873,ACH-002375,reference,
depmap_metadata,ACH-002376,LS1034PBL,nan,ACH-002376,reference,
depmap_metadata,ACH-002377,HCC38BL,SIDM00674,ACH-002377,reference,
depmap_metadata,ACH-002378,HCC1143BL,SIDM00868,ACH-002378,reference,
depmap_metadata,ACH-002379,J82EBV,nan,ACH-002379,reference,
depmap_metadata,ACH-002380,COLO829BL,SIDM00908,ACH-002380,reference,
depmap_metadata,ACH-002381,HCC2157BL,SIDM00773,ACH-002381,reference,
depmap_metadata,ACH-002382,HCC1395BL,SIDM00883,ACH-002382,reference,
depmap_metadata,ACH-002383,HCC2218BL,SIDM00696,ACH-002383,reference,
depmap_metadata,ACH-002384,HCC1954BL,SIDM00871,ACH-002384,reference,
depmap_metadata,ACH-002386,M00921,SIDM00178,ACH-002386,reference,
depmap_metadata,ACH-002387,M1203273,SIDM00013,ACH-002387,reference,
depmap_metadata,ACH-002388,MET2B,SIDM00221,ACH-002388,reference,
depmap_metadata,ACH-002389,ACN,SIDM00057,ACH-002389,reference,
depmap_metadata,ACH-002392,SC1,SIDM00400,ACH-002392,reference,
depmap_metadata,ACH-002397,KMHDASH2,SIDM00619,ACH-002397,reference,
depmap_metadata,ACH-002399,21NT,nan,ACH-002399,reference,
depmap_metadata,ACH-002400,21MT1,nan,ACH-002400,reference,
depmap_metadata,ACH-002401,21MT2,nan,ACH-002401,reference,
depmap_metadata,ACH-002403,CCLFMELM0001T,nan,ACH-002403,reference,
depmap_metadata,ACH-002404,CCLFMELM0002T,nan,ACH-002404,reference,
depmap_metadata,ACH-002405,CCLFMELM0003T,nan,ACH-002405,reference,
depmap_metadata,ACH-002407,CCLFMELM0005T,nan,ACH-002407,reference,
depmap_metadata,ACH-002409,CCLFNEURO0006T,nan,ACH-002409,reference,
depmap_metadata,ACH-002413,CCLFNEURO0010T,nan,ACH-002413,reference,
depmap_metadata,ACH-002419,CCLFOVPA0001T,nan,ACH-002419,reference,
depmap_metadata,ACH-002431,CCLFPEDS0014T1,nan,ACH-002431,reference,
depmap_metadata,ACH-002433,CCLFPEDS0019T,nan,ACH-002433,reference,
depmap_metadata,ACH-002435,CCLFPEDS0022T,nan,ACH-002435,reference,
depmap_metadata,ACH-002438,CCLFPEDS0026T,nan,ACH-002438,reference,
depmap_metadata,ACH-002440,CCLFTHYR0008T,nan,ACH-002440,reference,
depmap_metadata,ACH-002444,CCLFUPGI0003T,nan,ACH-002444,reference,
depmap_metadata,ACH-002445,CCLFUPGI0004T,nan,ACH-002445,reference,
depmap_metadata,ACH-002446,CCLFUPGI0005T,nan,ACH-002446,reference,
depmap_metadata,ACH-002458,HT144DABR,nan,ACH-002458,reference,
depmap_metadata,ACH-002459,HT144DABTRAMR,nan,ACH-002459,reference,
depmap_metadata,ACH-002460,HT144DABROXR,nan,ACH-002460,reference,
depmap_metadata,ACH-002461,RVH42DABR,nan,ACH-002461,reference,
depmap_metadata,ACH-002462,RPE1SS48,nan,ACH-002462,reference,
depmap_metadata,ACH-002463,RPE1SS77,nan,ACH-002463,reference,
depmap_metadata,ACH-002464,RPE1SS6,nan,ACH-002464,reference,
depmap_metadata,ACH-002465,RPE1SS119,nan,ACH-002465,reference,
depmap_metadata,ACH-002466,RPE1SS111,nan,ACH-002466,reference,
depmap_metadata,ACH-002467,RPE1SS51,nan,ACH-002467,reference,
depmap_metadata,ACH-002470,OS186,nan,ACH-002470,reference,
depmap_metadata,ACH-002471,OS052,nan,ACH-002471,reference,
depmap_metadata,ACH-002475,HAP1,nan,ACH-002475,reference,
depmap_metadata,ACH-002478,BC2,nan,ACH-002478,reference,
depmap_metadata,ACH-002483,HS602,nan,ACH-002483,reference,
depmap_metadata,ACH-002485,MAVER1,nan,ACH-002485,reference,
depmap_metadata,ACH-002486,MESOV,nan,ACH-002486,reference,
depmap_metadata,ACH-002490,NCIH1882,SIDM00764,ACH-002490,reference,
depmap_metadata,ACH-002497,NCIH920,nan,ACH-002497,reference,
depmap_metadata,ACH-002498,SUDHL2,nan,ACH-002498,reference,
depmap_metadata,ACH-002499,UACC3199,nan,ACH-002499,reference,
depmap_metadata,ACH-002500,Z138,nan,ACH-002500,reference,
depmap_metadata,ACH-002501,RMZ,nan,ACH-002501,reference,
depmap_metadata,ACH-002508,WM3211,nan,ACH-002508,reference,
depmap_metadata,ACH-002509,WM4235,nan,ACH-002509,reference,
depmap_metadata,ACH-002510,M040416,nan,ACH-002510,reference,
depmap_metadata,ACH-002511,M104325,nan,ACH-002511,reference,
depmap_metadata,ACH-002512,MM160113,nan,ACH-002512,reference,
depmap_metadata,ACH-002516,176592,nan,ACH-002516,reference,
depmap_metadata,ACH-002522,SNU2292,nan,ACH-002522,reference,
depmap_metadata,ACH-002523,SNU739,nan,ACH-002523,reference,
depmap_metadata,ACH-002524,SNU251,nan,ACH-002524,reference,
depmap_metadata,ACH-002526,SNU1327,nan,ACH-002526,reference,
depmap_metadata,ACH-002528,SNU267,nan,ACH-002528,reference,
depmap_metadata,ACH-002529,SNU1330,nan,ACH-002529,reference,
depmap_metadata,ACH-002530,SNU977,nan,ACH-002530,reference,
depmap_metadata,ACH-002531,SNU2535,nan,ACH-002531,reference,
depmap_metadata,ACH-002532,SNU1411,nan,ACH-002532,reference,
depmap_metadata,ACH-002533,SNU482,nan,ACH-002533,reference,
depmap_metadata,ACH-002535,SNU254,nan,ACH-002535,reference,
depmap_metadata,ACH-002538,SNU1235,nan,ACH-002538,reference,
depmap_metadata,ACH-002539,SNU1460,nan,ACH-002539,reference,
depmap_metadata,ACH-002543,SNU1406,nan,ACH-002543,reference,
depmap_metadata,ACH-002544,SNU1750,nan,ACH-002544,reference,
depmap_metadata,ACH-002643,GRANTA452,nan,ACH-002643,reference,
depmap_metadata,ACH-002644,MEGAL,nan,ACH-002644,reference,
depmap_metadata,ACH-002645,MHHTALL2,nan,ACH-002645,reference,
depmap_metadata,ACH-002647,CCC5,nan,ACH-002647,reference,
depmap_metadata,ACH-002648,CX03,nan,ACH-002648,reference,
depmap_metadata,ACH-002650,ETCC016,nan,ACH-002650,reference,
depmap_metadata,ACH-002651,FKH1,nan,ACH-002651,reference,
depmap_metadata,ACH-002653,JIH5,nan,ACH-002653,reference,
depmap_metadata,ACH-002654,JVE015,nan,ACH-002654,reference,
depmap_metadata,ACH-002659,JVE127,nan,ACH-002659,reference,
depmap_metadata,ACH-002660,JVE187,nan,ACH-002660,reference,
depmap_metadata,ACH-002662,JVE207,nan,ACH-002662,reference,
depmap_metadata,ACH-002664,JVE253,nan,ACH-002664,reference,
depmap_metadata,ACH-002665,JVE367,nan,ACH-002665,reference,
depmap_metadata,ACH-002667,JVE528,nan,ACH-002667,reference,
depmap_metadata,ACH-002668,KASUMI3,nan,ACH-002668,reference,
depmap_metadata,ACH-002669,KP363T,nan,ACH-002669,reference,
depmap_metadata,ACH-002672,MAPACHS77,nan,ACH-002672,reference,
depmap_metadata,ACH-002675,SH2,nan,ACH-002675,reference,
depmap_metadata,ACH-002676,TK6,nan,ACH-002676,reference,
depmap_metadata,ACH-002677,U2946,nan,ACH-002677,reference,
depmap_metadata,ACH-002678,WILL1,nan,ACH-002678,reference,
depmap_metadata,ACH-002680,170MGBA,nan,ACH-002680,reference,
depmap_metadata,ACH-002681,538MGBA,nan,ACH-002681,reference,
depmap_metadata,ACH-002687,WM3772F,nan,ACH-002687,reference,
depmap_metadata,ACH-002688,OS457,nan,ACH-002688,reference,
depmap_metadata,ACH-002689,OS525,nan,ACH-002689,reference,
depmap_metadata,ACH-002690,OS526,nan,ACH-002690,reference,
depmap_metadata,ACH-002693,S462,nan,ACH-002693,reference,
depmap_metadata,ACH-002695,STS26T,nan,ACH-002695,reference,
depmap_metadata,ACH-002703,OANC1,nan,ACH-002703,reference,
depmap_metadata,ACH-002705,IS076P,nan,ACH-002705,reference,
depmap_metadata,ACH-002706,IS076A,nan,ACH-002706,reference,
depmap_metadata,ACH-002708,DL221,nan,ACH-002708,reference,
depmap_metadata,ACH-002709,CMS,nan,ACH-002709,reference,
depmap_metadata,ACH-002710,MPNST724,nan,ACH-002710,reference,
depmap_metadata,ACH-002711,UMHACC2A,nan,ACH-002711,reference,
depmap_metadata,ACH-002716,MO91,nan,ACH-002716,reference,
depmap_metadata,ACH-002722,OSUDES23,nan,ACH-002722,reference,
depmap_metadata,ACH-002730,CCLFUPGI0009T,nan,ACH-002730,reference,
depmap_metadata,ACH-002733,HCMBROD0477C16,nan,ACH-002733,reference,
depmap_metadata,ACH-002736,CCLFUPGI0052T,nan,ACH-002736,reference,
depmap_metadata,ACH-002738,PANFR0420,nan,ACH-002738,reference,
depmap_metadata,ACH-002742,PANFR0233,nan,ACH-002742,reference,
depmap_metadata,ACH-002743,PANFR0368,nan,ACH-002743,reference,
depmap_metadata,ACH-002744,PANFR0402,nan,ACH-002744,reference,
depmap_metadata,ACH-002745,PANFR0069,nan,ACH-002745,reference,
depmap_metadata,ACH-002757,CCLFUPGI0068T,nan,ACH-002757,reference,
depmap_metadata,ACH-002778,NCCOS1X2C1,nan,ACH-002778,reference,
depmap_metadata,ACH-002779,NCCESOS1C1,nan,ACH-002779,reference,
depmap_metadata,ACH-002780,NCCES1C1,nan,ACH-002780,reference,
depmap_metadata,ACH-002781,NCCDCS1C1,nan,ACH-002781,reference,
depmap_metadata,ACH-002782,NCCUPS1C1,nan,ACH-002782,reference,
depmap_metadata,ACH-002784,NCCUPS2C1,nan,ACH-002784,reference,
depmap_metadata,ACH-002785,NCCLMS1C1,nan,ACH-002785,reference,
depmap_metadata,ACH-002787,NCCPRMS1C1,nan,ACH-002787,reference,
depmap_metadata,ACH-002789,NCCSS1C1,nan,ACH-002789,reference,
depmap_metadata,ACH-002790,NCCSS2C1,nan,ACH-002790,reference,
depmap_metadata,ACH-002792,NCCCCS1BC1,nan,ACH-002792,reference,
depmap_metadata,ACH-002794,NCCMFS1C1,nan,ACH-002794,reference,
depmap_metadata,ACH-002795,NCCCDS1X1C1,nan,ACH-002795,reference,
depmap_metadata,ACH-002796,NCCCDS1X3C1,nan,ACH-002796,reference,
depmap_metadata,ACH-002798,NCCDFSP2C1,nan,ACH-002798,reference,
depmap_metadata,ACH-002799,NCCMPNST1C1,nan,ACH-002799,reference,
depmap_metadata,ACH-002800,NCCMPNST2C1,nan,ACH-002800,reference,
depmap_metadata,ACH-002801,NCCMPNST3C1,nan,ACH-002801,reference,
depmap_metadata,ACH-002802,NCCMPNST3X2C1,nan,ACH-002802,reference,
depmap_metadata,ACH-002806,TB096,nan,ACH-002806,reference,
depmap_metadata,ACH-002834,OS384,nan,ACH-002834,reference,
depmap_metadata,ACH-002835,CCLFUPGI0011T,nan,ACH-002835,reference,
depmap_metadata,ACH-002837,HCMBROD0100C15,nan,ACH-002837,reference,
depmap_metadata,ACH-002839,CCLFCORE0002T,nan,ACH-002839,reference,
depmap_metadata,ACH-002843,CCLFRARE0020T,nan,ACH-002843,reference,
depmap_metadata,ACH-002844,CCLFRARE0025T,nan,ACH-002844,reference,
depmap_metadata,ACH-002846,YUSEEPM163517,nan,ACH-002846,reference,
depmap_metadata,ACH-002847,YUHOIN,nan,ACH-002847,reference,
depmap_metadata,ACH-002871,HCMBROD0489C15,nan,ACH-002871,reference,
depmap_metadata,ACH-002883,IPMBO053L,nan,ACH-002883,reference,
depmap_metadata,ACH-002884,IPMBO053R,nan,ACH-002884,reference,
depmap_metadata,ACH-002885,IPMBO056,nan,ACH-002885,reference,
depmap_metadata,ACH-002886,VACO432,nan,ACH-002886,reference,
depmap_metadata,ACH-002921,BCK4,nan,ACH-002921,reference,
depmap_metadata,ACH-002922,SKNMM,nan,ACH-002922,reference,
depmap_metadata,ACH-002923,LAI5S,nan,ACH-002923,reference,
depmap_metadata,ACH-002924,UPMM2,nan,ACH-002924,reference,
depmap_metadata,ACH-002925,UPMM3,nan,ACH-002925,reference,
depmap_metadata,ACH-002926,UPMD1,nan,ACH-002926,reference,
depmap_metadata,ACH-002927,UPMD2,nan,ACH-002927,reference,
depmap_metadata,ACH-002928,MM100511,nan,ACH-002928,reference,
depmap_metadata,ACH-002932,CCLFNEURO0001T,nan,ACH-002932,reference,
depmap_metadata,ACH-002936,CCLFPEDS0043T,nan,ACH-002936,reference,
depmap_metadata,ACH-002937,CCLFPEDS0020T,nan,ACH-002937,reference,
depmap_metadata,ACH-002942,CCLFRARE0004T,nan,ACH-002942,reference,
depmap_metadata,ACH-002946,UKE1,nan,ACH-002946,reference,
depmap_metadata,ACH-002950,NH93T,nan,ACH-002950,reference,
depmap_metadata,ACH-002951,NH84T,nan,ACH-002951,reference,
depmap_metadata,ACH-002954,CCLFUPGI0012T,nan,ACH-002954,reference,
depmap_metadata,ACH-002967,CCLFUPGI0036T,nan,ACH-002967,reference,
depmap_metadata,ACH-002968,CCLFUPGI0041T,nan,ACH-002968,reference,
depmap_metadata,ACH-002972,CCLFUPGI0085T,nan,ACH-002972,reference,
depmap_metadata,ACH-002979,CCLFUPGI0101T,nan,ACH-002979,reference,
depmap_metadata,ACH-002981,HCMBROD0098C15,nan,ACH-002981,reference,
depmap_metadata,ACH-002994,WSUAML,nan,ACH-002994,reference,
depmap_metadata,ACH-002996,CI34601,nan,ACH-002996,reference,
depmap_metadata,ACH-003012,A549CRAFKD,nan,ACH-003012,reference,
depmap_metadata,ACH-003019,LASCPC01,nan,ACH-003019,reference,
depmap_metadata,ACH-003061,NCIH774,nan,ACH-003061,reference,
depmap_metadata,ACH-003064,TE130T,nan,ACH-003064,reference,
depmap_metadata,ACH-003065,CHLA02ATRT,nan,ACH-003065,reference,
depmap_metadata,ACH-003067,CHLA01RMED,nan,ACH-003067,reference,
depmap_metadata,ACH-003071,NCIH748,nan,ACH-003071,reference,
depmap_metadata,ACH-003099,UCSFOT1109,nan,ACH-003099,reference,
depmap_metadata,ACH-003100,EJ1,nan,ACH-003100,reference,
depmap_metadata,ACH-003101,Z119,nan,ACH-003101,reference,
depmap_metadata,ACH-003103,Z181,nan,ACH-003103,reference,
depmap_metadata,ACH-003105,VMM917,nan,ACH-003105,reference,
depmap_metadata,ACH-003106,RC,nan,ACH-003106,reference,
depmap_metadata,ACH-003107,JMP1,nan,ACH-003107,reference,
depmap_metadata,ACH-003108,HF,nan,ACH-003108,reference,
depmap_metadata,ACH-003111,HS856T,nan,ACH-003111,reference,
depmap_metadata,ACH-003119,NCIH1450,nan,ACH-003119,reference,
depmap_metadata,ACH-003120,NCIH1607,nan,ACH-003120,reference,
depmap_metadata,ACH-003121,NCIH2679,nan,ACH-003121,reference,
depmap_metadata,ACH-003125,ASPSKY,nan,ACH-003125,reference,
depmap_metadata,ACH-003132,ABMT0009,nan,ACH-003132,reference,
depmap_metadata,ACH-003133,ABMT0021,nan,ACH-003133,reference,
depmap_metadata,ACH-003134,ABMT0168,nan,ACH-003134,reference,
depmap_metadata,ACH-003135,ABMT0280,nan,ACH-003135,reference,
depmap_metadata,ACH-003136,ABMT0023,nan,ACH-003136,reference,
depmap_metadata,ACH-003137,ABMT0281,nan,ACH-003137,reference,
depmap_metadata,ACH-003138,ABMT0292,nan,ACH-003138,reference,
depmap_metadata,ACH-003139,ABMT0457,nan,ACH-003139,reference,
depmap_metadata,ACH-003141,ABMT0557,nan,ACH-003141,reference,
depmap_metadata,ACH-003142,ABMT0558,nan,ACH-003142,reference,
depmap_metadata,ACH-003143,ABMT0616,nan,ACH-003143,reference,
depmap_metadata,ACH-003145,ABMT0725,nan,ACH-003145,reference,
depmap_metadata,ACH-003147,ABMT0732,nan,ACH-003147,reference,
depmap_metadata,ACH-003148,ABMT0781,nan,ACH-003148,reference,
depmap_metadata,ACH-003149,ABMT0782,nan,ACH-003149,reference,
depmap_metadata,ACH-003150,ABMT0783,nan,ACH-003150,reference,
depmap_metadata,ACH-003152,ABMT0796,nan,ACH-003152,reference,
depmap_metadata,ACH-003153,ABMT0794,nan,ACH-003153,reference,
depmap_metadata,ACH-003154,ABMT0795,nan,ACH-003154,reference,
depmap_metadata,ACH-003155,ABMT0789,nan,ACH-003155,reference,
depmap_metadata,ACH-003156,ABMT0797,nan,ACH-003156,reference,
depmap_metadata,ACH-003157,ABMT0822,nan,ACH-003157,reference,
depmap_metadata,ACH-003158,ABMT9220,nan,ACH-003158,reference,
depmap_metadata,ACH-003159,ABMT9233,nan,ACH-003159,reference,
depmap_metadata,ACH-003160,ABMT9249,nan,ACH-003160,reference,
depmap_metadata,ACH-003161,ABMT9430,nan,ACH-003161,reference,
depmap_metadata,ACH-003171,NRHOS1,nan,ACH-003171,reference,
depmap_metadata,ACH-003176,NRHGCT1,nan,ACH-003176,reference,
depmap_metadata,ACH-003177,NRHUPS1,nan,ACH-003177,reference,
depmap_metadata,ACH-003178,NRHOS2,nan,ACH-003178,reference,
depmap_metadata,ACH-003180,NRHUPS2,nan,ACH-003180,reference,
depmap_metadata,ACH-003181,NRHLMS1,nan,ACH-003181,reference,
depmap_metadata,ACH-003183,NRHMFS3,nan,ACH-003183,reference,
depmap_metadata,ACH-003184,NRHLMS2,nan,ACH-003184,reference,
depmap_metadata,ACH-003185,NRHOS4,nan,ACH-003185,reference,
depmap_metadata,ACH-003186,NRHUPS3,nan,ACH-003186,reference,
depmap_metadata,ACH-003187,NRHUPS4,nan,ACH-003187,reference,
depmap_metadata,ACH-003189,NRHLS3,nan,ACH-003189,reference,
depmap_metadata,ACH-003190,NRHUPS7,nan,ACH-003190,reference,
depmap_metadata,ACH-003191,NRHGCT2,nan,ACH-003191,reference,
depmap_metadata,ACH-003221,HS38T,nan,ACH-003221,reference,
depmap_metadata,ACH-003226,UCH11R,nan,ACH-003226,reference,
depmap_metadata,ACH-003227,UCH17M,nan,ACH-003227,reference,
depmap_metadata,ACH-003265,CCLFRARE0010T,nan,ACH-003265,reference,
depmap_metadata,ACH-003266,CCLFRARE0021T,nan,ACH-003266,reference,
depmap_metadata,ACH-003267,CCLFRARE0009T,nan,ACH-003267,reference,
depmap_metadata,ACH-003268,CCLFRARE0022T,nan,ACH-003268,reference,
depmap_metadata,ACH-003269,CCLFRARE0019T,nan,ACH-003269,reference,
depmap_metadata,ACH-003273,CHRF28811,nan,ACH-003273,reference,
depmap_metadata,ACH-003283,BJ,nan,ACH-003283,reference,
depmap_metadata,ACH-003284,WI38,nan,ACH-003284,reference,
depmap_metadata,ACH-003295,C20A4,nan,ACH-003295,reference,
depmap_metadata,ACH-003296,TC28a2,nan,ACH-003296,reference,
depmap_metadata,ACH-003297,C28I2,nan,ACH-003297,reference,
depmap_metadata,ACH-003305,HBEC3KT,nan,ACH-003305,reference,
depmap_metadata,ACH-003307,Het1A,nan,ACH-003307,reference,
depmap_metadata,ACH-003308,THLE3,nan,ACH-003308,reference,
depmap_metadata,ACH-003313,HuLaPC,nan,ACH-003313,reference,
depmap_metadata,ACH-003410,UCHCF365,nan,ACH-003410,reference,
depmap_metadata,ACH-003426,CCLFNEURO0046T,nan,ACH-003426,reference,
depmap_metadata,ACH-003429,CCLFPANC0074T,nan,ACH-003429,reference,
depmap_metadata,ACH-003430,CCLFPANC0002T,nan,ACH-003430,reference,
depmap_metadata,ACH-003433,CCLFPANC0019T,nan,ACH-003433,reference,
depmap_metadata,ACH-003437,CCLFUPGI0078T,nan,ACH-003437,reference,
depmap_metadata,ACH-003438,CCLFNEURO0005T,nan,ACH-003438,reference,
depmap_metadata,ACH-003451,CCLFPEDS0048T,nan,ACH-003451,reference,
depmap_metadata,ACH-003455,CCLFMELM0004T,nan,ACH-003455,reference,
depmap_metadata,ACH-003456,CCLFMELM0006T,nan,ACH-003456,reference,
depmap_metadata,ACH-003457,CCLFMELM0038T,nan,ACH-003457,reference,
depmap_metadata,ACH-003458,CCLFMELM0010T,nan,ACH-003458,reference,
depmap_metadata,ACH-003459,CCLFMELM0011T,nan,ACH-003459,reference,
depmap_metadata,ACH-003460,CCLFHEME0001T,nan,ACH-003460,reference,
depmap_metadata,ACH-003463,CCLFHEME0004T,nan,ACH-003463,reference,
depmap_metadata,ACH-003464,CCLFNPDX0008T,nan,ACH-003464,reference,
depmap_metadata,ACH-003465,CCLFHNSC0004T,nan,ACH-003465,reference,
depmap_metadata,ACH-003468,CCLFTHYR0003T,nan,ACH-003468,reference,
depmap_metadata,ACH-003469,CCLFTHYR0004T,nan,ACH-003469,reference,
depmap_metadata,ACH-003470,CCLFTHYR0005T,nan,ACH-003470,reference,
depmap_metadata,ACH-003471,CCLFTHYR0006T,nan,ACH-003471,reference,
depmap_metadata,ACH-003472,CCLFTHYR0009T,nan,ACH-003472,reference,
depmap_metadata,ACH-003473,CCLFPEDS0013T,nan,ACH-003473,reference,
depmap_metadata,ACH-003474,CCLFHNSC0001T,nan,ACH-003474,reference,
depmap_metadata,ACH-003475,CCLFHNSC0003T,nan,ACH-003475,reference,
depmap_metadata,ACH-003476,CCLFHNSC0002T,nan,ACH-003476,reference,
depmap_metadata,ACH-003480,CCLFTHYR0001T,nan,ACH-003480,reference,
depmap_metadata,ACH-003573,C337,nan,ACH-003573,reference,
depmap_metadata,ACH-003587,531MII,nan,ACH-003587,reference,
depmap_metadata,ACH-003590,YCUB2,nan,ACH-003590,reference,
